"""Confirm all"" link text","Texte du lien « Tout accepter »"
"""Confirm"" link text","Texte du lien « Accepter »"
"""Decline"" link text","Texte du lien « Refuser »"
"""Learn more"" link URL","URL du lien « En savoir plus »"
"""Learn more"" link text","Texte du lien « En savoir plus »"
"""Thank you"" text","Texte de remerciement"
"0.2 queries per second (Recommended)","0,2 requête par seconde (recommandé)"
"0.3 queries per second","0,3 requête par seconde"
"0.4 queries per second","0,4 requête par seconde"
"0.5 queries per second","0,5 requête par seconde"
"1 business day","1 jour ouvré"
"1 line notification to customer","Notification client sur 1 ligne"
"1 month","1 mois"
"1 week","1 semaine"
"1.0 queries per second","1,0 requête par seconde"
"2 business days","2 jours ouvrés"
"2 line notification to customer","Notification client sur 2 lignes"
"2 weeks","2 semaines"
"2.0 queries per second","2,0 requêtes par seconde"
"3 business dayss","3 jours ouvrés"
"4 business days","4 jours ouvrés"
"4.0 queries per second","4,0 requêtes par seconde"
"5 business days","5 jours ouvrés"
"A security measure that appends a random string to all form submissions to protect the data from Cross-Site Request Forgery (CSRF). Used by Magento.","Mesure de sécurité qui ajoute une chaîne aléatoire à chaque envoi de formulaire pour protéger les données contre la falsification de requête intersite (CSRF). Utilisé par Magento."
"A total of %1 Log(s) have been deleted.","%1 journal(aux) supprimé(s) au total."
"A total of %1 consent(s) have been deleted.","%1 consentement(s) supprimé(s) au total."
"A total of %1 cookie(s) have been deleted.","%1 cookie(s) supprimé(s) au total."
"API is configured correctly.","L’API est correctement configurée."
"AW Feed Country","Pays du flux AW"
"AW Feed Language","Langue du flux AW"
"AW Merchant Id","ID marchand AW"
"About","À propos"
"About impression payload model","À propos du modèle de charge des impressions"
"About segment mode","À propos du mode segment"
"Accept link color","Couleur du lien d’acceptation"
"Acquire cookies","Collecter les cookies"
"Action ID can be configured in configuration screen","L’ID d’action se configure dans l’écran de configuration"
"Activate Private Fallback","Activer le repli privé"
"AdWords Conversion ID","ID de conversion AdWords"
"AdWords Conversion label","Libellé de conversion AdWords"
"Add 'list' parameter in detail actionField","Ajouter le paramètre « list » dans l’actionField du détail"
"Add Automated Discounts support","Ajouter la prise en charge des remises automatiques"
"Add Enhanced Conversions support","Ajouter la prise en charge des conversions améliorées"
"Add PoaS (profit) attribute to purchase event","Ajouter l’attribut PoaS (marge) à l’événement d’achat"
"Add To Cart Time","Délai d’ajout au panier"
"Add in dataLayer[]","Ajouter dans dataLayer[]"
"Add preconnect meta tags","Ajouter les balises meta preconnect"
"Add related[] push to view_item","Ajouter un push related[] à view_item"
"Add to Cart selector","Sélecteur « Ajouter au panier »"
"Add to Cart selector (in listings)","Sélecteur « Ajouter au panier » (dans les listes)"
"Add to Compare Time","Délai d’ajout au comparateur"
"Add to Compare selector","Sélecteur « Ajouter au comparateur »"
"Add to Compare selector (in listings)","Sélecteur « Ajouter au comparateur » (dans les listes)"
"Add to Wishlist Time","Délai d’ajout à la liste d’envies"
"Add to Wishlist selector","Sélecteur « Ajouter à la liste d’envies »"
"Add to Wishlist selector (in listings)","Sélecteur « Ajouter à la liste d’envies » (dans les listes)"
"Add upsells[] push to view_item","Ajouter un push upsells[] à view_item"
"Additional styles","Styles supplémentaires"
"Adjust","Ajuster"
"Adjustment type","Type d’ajustement"
"Admin orders","Commandes passées depuis l’admin"
"Adobe Site Catalyst cookie, determines whether cookies are enabled in the browser.","Cookie Adobe Site Catalyst : détermine si les cookies sont activés dans le navigateur."
"Advanced Developer Configuration","Configuration avancée pour développeurs"
"Affiliate Networks","Réseaux d’affiliation"
"Affiliate custom dimension index","Index de la dimension personnalisée d’affiliation"
"Affiliate parameter","Paramètre d’affiliation"
"Affiliate tracking","Suivi de l’affiliation"
"Aggregated value parameter","Paramètre de valeur agrégée"
"Aggresive","Agressif"
"All conversion actions","Toutes les actions de conversion"
"Allow advanced CSS styling","Autoriser un style CSS avancé"
"Allow essential cookies","Autoriser les cookies essentiels"
"Allow personalized advertising (remarketing)","Autoriser la publicité personnalisée (remarketing)"
"Allow sending user data to Google for advertising purposes","Autoriser l’envoi de données utilisateur à Google à des fins publicitaires"
"An enhanced conversion should be uploaded within 24 hours of the original conversion. We recommend uploading at least several minutes before the end of the 24-hour period for a margin of safety from differences between system clocks.","Une conversion améliorée doit être envoyée dans les 24 heures suivant la conversion d’origine. Nous recommandons de l’envoyer au moins quelques minutes avant la fin de ces 24 heures, par sécurité face aux écarts entre horloges système."
"Analytics cookies","Cookies d’analyse"
"Anonymize CAPI User Data Group","Anonymiser le groupe de données utilisateur CAPI"
"Anowave API","API Anowave"
"Anowave API cache","Cache de l’API Anowave"
"Are you sure to declassify selected cookie(s)?","Voulez-vous vraiment déclassifier le(s) cookie(s) sélectionné(s) ?"
"Are you sure to delete selected consent(s)?","Voulez-vous vraiment supprimer le(s) consentement(s) sélectionné(s) ?"
"Are you sure to delete selected log(s)?","Voulez-vous vraiment supprimer le(s) journal(aux) sélectionné(s) ?"
"Assisted (depends on Optimize implemented via tag in GTM)","Assisté (dépend d’Optimize implémenté par une balise dans GTM)"
"Automatic script tagging","Balisage automatique des scripts"
"Available with","Disponible avec"
"Background color","Couleur de fond"
"Badge position","Position du badge"
"Border radius","Rayon des bordures"
"Bottom Left Dialog","Fenêtre en bas à gauche"
"Bottom Right Dialog","Fenêtre en bas à droite"
"Bottom Tray","Bandeau en bas"
"Brand attribute","Attribut de marque"
"Brand delimiter","Séparateur de marque"
"Cannot continue. Google Ads API gives you the advantage of sending first-party conversion data within 24 hours of the conversion event.","Impossible de continuer. L’API Google Ads permet d’envoyer des données de conversion first-party dans les 24 heures suivant la conversion."
"Capture traffic source parameters","Collecter les paramètres de source de trafic"
"Center Dialog","Fenêtre centrée"
"Check all by default","Tout cocher par défaut"
"Checkbox color","Couleur des cases à cocher"
"Checkout Step Tim","Délai des étapes de commande"
"Checkout Time","Délai de commande"
"Close consent details","Fermer le détail du consentement"
"Close icon color","Couleur de l’icône de fermeture"
"Comma","Virgule"
"Compress scripts","Compresser les scripts"
"Configure AdWords Dynamic Remarketing","Configurer le remarketing dynamique AdWords"
"Consent","Consentement"
"Consent ID","ID du consentement"
"Consent IP","IP du consentement"
"Consent Id","ID du consentement"
"Consent UUID","UUID du consentement"
"Consent Widget","Widget de consentement"
"Consent datetime","Date et heure du consentement"
"Consent deleted successfully","Consentement supprimé avec succès"
"Consent mode","Mode de consentement"
"Container ID","ID du conteneur"
"Conversion Action","Action de conversion"
"Conversion Action Id","ID de l’action de conversion"
"Conversion Name","Nom de la conversion"
"Conversion Tracking ID","ID de suivi des conversions"
"Conversion Tracking Status","Statut du suivi des conversions"
"Conversion event","Événement de conversion"
"Conversions API Test Event Code (optional)","Code d’événement de test de l’API Conversions (facultatif)"
"Convert to ","Convertir en "
"Converter","Convertisseur"
"Cookie Consent / Cookie Law","Consentement aux cookies / loi sur les cookies"
"Cookie Consent Directive / GDPR","Directive sur le consentement aux cookies / RGPD"
"Cookie Consent content","Contenu du consentement aux cookies"
"Cookie Settings","Paramètres de Cookies"
"Cookie blocking strategy","Stratégie de blocage des cookies"
"Cookie deleted successfully","Cookie supprimé avec succès"
"Cookie description","Description du cookie"
"Cookie name","Nom du cookie"
"Cookie segment","Segment du cookie"
"Create tags (Google Analytics 4)","Créer les balises (Google Analytics 4)"
"Create tags (Universal Analytics)","Créer les balises (Universal Analytics)"
"Create triggers (Google Analytics 4)","Créer les déclencheurs (Google Analytics 4)"
"Create triggers (Universal Analytics)","Créer les déclencheurs (Universal Analytics)"
"Create variables (Google Analytics 4)","Créer les variables (Google Analytics 4)"
"Create variables (Universal Analytics)","Créer les variables (Universal Analytics)"
"Currency conversion","Conversion de devise"
"Custom Dimensions","Dimensions personnalisées"
"Customize link close text","Texte du lien de fermeture « Personnaliser »"
"Customize link text","Texte du lien « Personnaliser »"
"Customize text link color","Couleur du lien « Personnaliser »"
"Daily summaries","Résumés quotidiens"
"Declassify cookie(s)","Déclassifier le(s) cookie(s)"
"Dedicated","Dédié"
"Default list","Liste par défaut"
"Delete consent(s)","Supprimer le(s) consentement(s)"
"Delete log(s)","Supprimer le(s) journal(aux)"
"Delivery date","Date de livraison"
"Disable by IP","Désactiver par IP"
"Disable customer non-id by IP","Désactiver le non-ID client par IP"
"Disable view_item for configurables","Désactiver view_item pour les produits configurables"
"Dispatched same day","Expédié le jour même"
"Display DECLINE button","Afficher le bouton REFUSER"
"Display cookies usage","Afficher l’utilisation des cookies"
"Email Platforms","Plateformes d’e-mailing"
"Enable AMP","Activer AMP"
"Enable Adwords Conversion Tracking","Activer le suivi des conversions AdWords"
"Enable Cookie Consent","Activer le consentement aux cookies"
"Enable Cookie Popup","Activer la fenêtre des cookies"
"Enable GTIN","Activer le GTIN"
"Enable Google Ads API","Activer l’API Google Ads"
"Enable Google Ads Conversion Tracking","Activer le suivi des conversions Google Ads"
"Enable Google Ads Dynx_","Activer les Dynx_ Google Ads"
"Enable Internal Search tracking","Activer le suivi de la recherche interne"
"Enable Meta Conversions API (server-side)","Activer l’API Conversions de Meta (côté serveur)"
"Enable Performance API","Activer l’API Performance"
"Enable affiliate tracking","Activer le suivi de l’affiliation"
"Enable summary cart callback","Activer le rappel du récapitulatif panier"
"Encountered a few errors","Quelques erreurs sont survenues"
"Enhance","Améliorer"
"Enhanced Ecommerce","E-commerce amélioré"
"Enhanced Ecommerce Tracking Preferences","Préférences de suivi de l’e-commerce amélioré"
"Error while trying to delete Log: ","Erreur lors de la suppression du journal : "
"Error while trying to delete consent: ","Erreur lors de la suppression du consentement : "
"Error while trying to delete cookie: ","Erreur lors de la suppression du cookie : "
"Essential","Essentiel"
"Essential cookies","Cookies essentiels"
"Excluding Tax but Including shipping","Hors taxe mais frais d’expédition inclus"
"Excluding both Tax & Shipping","Hors taxe et hors frais d’expédition"
"Excluding tax","Hors taxe"
"Export traffic attribution","Exporter l’attribution du trafic"
"FPID Cookie","Cookie FPID"
"Facebook Pixel advertising first-party cookie. Used by Meta to track visits across websites to deliver a series of advertisement products such as real time bidding from third party advertisers.","Cookie publicitaire first-party du Pixel Facebook. Utilisé par Meta pour suivre les visites d’un site à l’autre et proposer des produits publicitaires, comme les enchères en temps réel d’annonceurs tiers."
"Failed to send Conversion Adjustment","Échec de l’envoi de l’ajustement de conversion"
"Failed to send Enhanced Conversion Adjustment","Échec de l’envoi de l’ajustement de conversion améliorée"
"Failed to upload conversion adjustment for order (ID:%s) due to incomplete Google Ads API configuration.","Échec de l’envoi de l’ajustement de conversion pour la commande (ID : %s) : configuration de l’API Google Ads incomplète."
"Filter-out payment method","Exclure un mode de paiement"
"Fire view_item event for assoc. grouped","Déclencher view_item pour les produits associés des produits groupés"
"Fire view_item event for grouped","Déclencher view_item pour les produits groupés"
"Forces local storage of specific content sections that should be invalidated. Used by Magento.","Force le stockage local de certaines sections de contenu à invalider. Utilisé par Magento."
"GA4 Configuration tag","Balise de configuration GA4"
"GA4 Cookie","Cookie GA4"
"GDPR event","Événement RGPD"
"GTIN attribute","Attribut GTIN"
"Generic Click IDs","ID de clic génériques"
"Generic consent","Consentement générique"
"Global site tag","Balise globale du site"
"Google Ads <sup>Conversion Tracking / Dynamic Remarketing</sup>","Google Ads <sup>Suivi des conversions / remarketing dynamique</sup>"
"Google Ads API is not configured yet.","L’API Google Ads n’est pas encore configurée."
"Google Ads API requires a few libraries from Composer","L’API Google Ads nécessite quelques bibliothèques Composer"
"Google Ads Conversion Action Id","ID de l’action de conversion Google Ads"
"Google Ads Conversion Customer","Client de conversion Google Ads"
"Google Ads Conversion ID","ID de conversion Google Ads"
"Google Ads Conversion Label","Libellé de conversion Google Ads"
"Google Ads Conversion color","Couleur de conversion Google Ads"
"Google Ads Conversion currency","Devise de conversion Google Ads"
"Google Ads Conversion format","Format de conversion Google Ads"
"Google Ads Customer ID","ID client Google Ads"
"Google Ads Developer Token","Jeton développeur Google Ads"
"Google Ads Dynamic Remarketing ecomm_prodid","ecomm_prodid du remarketing dynamique Google Ads"
"Google Ads Manager Customer ID","ID client du compte administrateur Google Ads"
"Google Ads total value","Valeur totale Google Ads"
"Google Analytics 4 Measurement ID is missing.","L’ID de mesure Google Analytics 4 est manquant."
"Google Analytics 4 is enabled and activated.","Google Analytics 4 est activé."
"Google Analytics 4 tracking is not enabled. Enter valid license key in Stores -> Configuration -> Anowave -> Google Tag Manager GA4 -> Google Analytics 4 -> License","Le suivi Google Analytics 4 n’est pas activé. Saisissez une clé de licence valide dans Magasins -> Configuration -> Anowave -> Google Tag Manager GA4 -> Google Analytics 4 -> Licence"
"Google Customer Reviews","Avis clients Google"
"Google Optimize Container ID","ID du conteneur Google Optimize"
"Google Optimize Page Hiding Snippet","Extrait de masquage de page Google Optimize"
"Google Tag Manager Account ID is not set.","L’ID de compte Google Tag Manager n’est pas défini."
"Google Tag Manager Code","Code Google Tag Manager"
"Google Tag Manager Code (Body)","Code Google Tag Manager (body)"
"Google Tag Manager Code (Head)","Code Google Tag Manager (head)"
"Google Tag Manager Container ID is not set.","L’ID de conteneur Google Tag Manager n’est pas défini."
"Google Tag Manager Container ID should be numeric value.","L’ID de conteneur Google Tag Manager doit être une valeur numérique."
"Google Tag Manager Enhanced Ecommerce","E-commerce amélioré Google Tag Manager"
"Google Tag Manager Statistics","Statistiques Google Tag Manager"
"Google Tag Manager Universal Analytics Tracking ID is not set.","L’ID de suivi Universal Analytics de Google Tag Manager n’est pas défini."
"Grand total","Total général"
"Grouped products","Produits groupés"
"Hash emails","Hacher les e-mails"
"Hide consent widget on accept/decline","Masquer le widget de consentement après acceptation / refus"
"Homepage Product List","Liste de produits de la page d’accueil"
"Implementation type","Type d’implémentation"
"Impression click selector","Sélecteur de clic des impressions"
"Impression cross sell selector","Sélecteur des ventes croisées des impressions"
"Impression list selector","Sélecteur de liste des impressions"
"Impresson payload model","Modèle de charge des impressions"
"Including Tax but Excluding shipping","Taxes incluses mais hors frais d’expédition"
"Including both Tax & Shipping","Taxes et frais d’expédition inclus"
"Including tax","Taxes incluses"
"Initialize dataLayer[] on DECLINE","Initialiser dataLayer[] en cas de REFUS"
"Insert (paste) script in the textarea field below","Insérez (collez) le script dans le champ ci-dessous"
"Internal Search tracking","Suivi de la recherche interne"
"Invalid form key","Clé de formulaire invalide"
"Keep 'enhanced_conversion_data' event","Conserver l’événement « enhanced_conversion_data »"
"Keep 'purchase' event","Conserver l’événement « purchase »"
"Keep sticky consent widget on accept/decline (bottom left)","Garder le widget de consentement épinglé après acceptation / refus (en bas à gauche)"
"Key preview","Aperçu de la clé"
"Last upload date time","Date et heure du dernier envoi"
"Lazy Load Snippet","Extrait de chargement différé"
"Log","Journal"
"Log datetime","Date et heure du journal"
"Log deleted successfully","Journal supprimé avec succès"
"Log is empty","Le journal est vide"
"Logged in","Connecté"
"Logged out","Déconnecté"
"Main cookie used by Google Analytics, enables the service to distinguish one visitor from another and lasts for 2 years.","Cookie principal de Google Analytics : il permet au service de distinguer un visiteur d’un autre et dure 2 ans."
"Make sure Container ID and Account ID are present and your account is authorised with corresponding permissions. If you don't know how to use the API, we've prepared a short video on YouTube available in 1080p","Vérifiez que l’ID de conteneur et l’ID de compte sont renseignés et que votre compte dispose des autorisations correspondantes. Si vous ne savez pas utiliser l’API, nous avons préparé une courte vidéo sur YouTube, disponible en 1080p"
"Marketing cookies","Cookies marketing"
"Marketing cookies are used to track visitors across websites. The intention is to display ads that are relevant and engaging for the individual user and thereby more valuable for publishers and third party advertisers.","Les cookies marketing servent à suivre les visiteurs d’un site à l’autre, afin d’afficher des publicités pertinentes et engageantes pour chaque utilisateur, donc plus intéressantes pour les éditeurs et les annonceurs tiers."
"Measurement API secret","Secret de l’API Measurement"
"Measurement ID (BACKEND)","ID de mesure (BACKEND)"
"Measurement ID Type","Type d’ID de mesure"
"Measurement Protocol Google Anlaytics 4","Measurement Protocol Google Analytics 4"
"Meta Conversions API Access token","Jeton d’accès de l’API Conversions de Meta"
"Meta Conversions API Events","Événements de l’API Conversions de Meta"
"Meta Conversions API Pixel Id","ID de pixel de l’API Conversions de Meta"
"Meta Conversions API Test Event Code (optional)","Code d’événement de test de l’API Conversions de Meta (facultatif)"
"Meta Pixel Required Cookie Consent Mode","Mode de consentement aux cookies requis pour le Pixel Meta"
"Meta Pixel Tracking","Suivi par le Pixel Meta"
"Meta Pixel code","Code du Pixel Meta"
"Meta content_ids[] attribute","Attribut content_ids[] de Meta"
"Meta value","Valeur Meta"
"Mild","Modéré"
"Missing API JSON key.","Clé JSON de l’API manquante."
"Missing Google Ads Conversion Action Id","ID de l’action de conversion Google Ads manquant"
"Missing Google Ads Customer Id","ID client Google Ads manquant"
"Missing developer token","Jeton développeur manquant"
"Missing ecommerce parameters","Paramètres e-commerce manquants"
"Missing stock data","Données de stock manquantes"
"Mixed Products","Produits mixtes"
"Mixing Universal Analytics and GA4 tags should be avoided. Check GA4 tags only.","Évitez de mélanger les balises Universal Analytics et GA4. Ne cochez que les balises GA4."
"Mixing Universal Analytics and GA4 triggers should be avoided. Check GA4 triggers only.","Évitez de mélanger les déclencheurs Universal Analytics et GA4. Ne cochez que les déclencheurs GA4."
"Mixing Universal Analytics and GA4 variables should be avoided. Check GA4 variables only.","Évitez de mélanger les variables Universal Analytics et GA4. Ne cochez que les variables GA4."
"New products List","Liste des nouveaux produits"
"No available conversion actions found.","Aucune action de conversion disponible."
"No container(s) detected (Check your Account ID)","Aucun conteneur détecté (vérifiez votre ID de compte)"
"No notification to customer","Aucune notification au client"
"No setup information found.","Aucune information de configuration trouvée."
"No throttle","Aucune limitation"
"No translation","Aucune traduction"
"Not client","Non client"
"Not set","Non défini"
"Not set (Sign in with Google first)","Non défini (connectez-vous d’abord avec Google)"
"Offload in Web Worker","Délester dans un Web Worker"
"Onetrust Group","Groupe Onetrust"
"Onetrust Optanon Groups","Groupes Optanon Onetrust"
"Opt-in","Consentement explicite (opt-in)"
"Opt-out","Refus explicite (opt-out)"
"Opt-out vs Opt-in","Opt-out ou opt-in"
"Optimize categories","Optimiser les catégories"
"Optimize scripts","Optimiser les scripts"
"Order %s cannot be loaded. Failed to upload conversion adjustment","Impossible de charger la commande %s. Échec de l’envoi de l’ajustement de conversion"
"POAS (Profit on Ad Spend)","POAS (marge sur dépenses publicitaires)"
"POAST Cost attribute","Attribut de coût POAST"
"Payload product item price","Prix de l’article produit dans la charge"
"Performance API","API Performance"
"Personalization","Personnalisation"
"Please read Terms of Use. It is important to understand how this feature works and make informed decision to use it or not.","Veuillez lire les conditions d’utilisation. Il est important de comprendre le fonctionnement de cette fonctionnalité pour décider en connaissance de cause de l’utiliser ou non."
"Pre-processing strip","Nettoyage préalable"
"Preference cookies enable a website to remember information that changes the way the website behaves or looks, like your preferred language or the region that you are in.","Les cookies de préférences permettent à un site de mémoriser des informations qui modifient son comportement ou son apparence, comme votre langue préférée ou votre région."
"Preferences","Préférences"
"Preferences cookies","Cookies de préférences"
"Prerequisites","Prérequis"
"Product Detail Click Time","Délai de clic vers le détail produit"
"Property","Propriété"
"Put in self asses mode","Passer en mode auto-évaluation"
"ROAS (Return On Ad Spend)","ROAS (retour sur dépenses publicitaires)"
"Remarketing Required Cookie Consent Mode","Mode de consentement aux cookies requis pour le remarketing"
"Remove From Cart Time","Délai de retrait du panier"
"Remove from Cart selector","Sélecteur « Retirer du panier »"
"Remove from wishlist selector","Sélecteur « Retirer de la liste d’envies »"
"Reset dataLayer[] object","Réinitialiser l’objet dataLayer[]"
"Resource name","Nom de la ressource"
"Restate","Corriger"
"Retract","Rétracter"
"Reverse transaction to Google Analytics skipped.","Transaction d’annulation vers Google Analytics ignorée."
"Right slash","Barre oblique"
"SVG logo","Logo SVG"
"Search dimension index","Index de la dimension de recherche"
"Search results","Résultats de recherche"
"Segmented consent","Consentement par segment"
"Select Container ID to configure. Dropdown will populate automatically once Account ID is set.","Sélectionnez l’ID de conteneur à configurer. La liste se remplit automatiquement une fois l’ID de compte défini."
"Select consent segment","Sélectionnez le segment de consentement"
"Send Enhnaced Conversions using Google Ads API","Envoyer les conversions améliorées via l’API Google Ads"
"Send to parameter","Paramètre send_to"
"Send transaction to Google Analytics","Envoyer la transaction à Google Analytics"
"Sent Conversion Adjustment successfully","Ajustement de conversion envoyé avec succès"
"Sent Enhanced Conversion Adjustment successfully","Ajustement de conversion améliorée envoyé avec succès"
"Server Side Tracking","Suivi côté serveur"
"Server-side connect timeout","Délai de connexion côté serveur"
"Server-side request timeout","Délai de requête côté serveur"
"Session-based cookie that remembers the users selected language version of a website.","Cookie de session qui mémorise la version linguistique du site choisie par l’utilisateur."
"Set dataLayer[] impressions after Pageview","Définir les impressions dataLayer[] après la page vue"
"Sets consent for personalized advertising.","Définit le consentement à la publicité personnalisée."
"Sets consent for sending user data related to advertising to Google.","Définit le consentement à l’envoi à Google des données utilisateur liées à la publicité."
"Setup","Configuration"
"Setup information","Informations de configuration"
"Shared","Partagé"
"Shipping address cannot be found","Adresse d’expédition introuvable"
"Show Consent UUID in Sales grid","Afficher l’UUID du consentement dans la grille des ventes"
"Show consent details","Afficher le détail du consentement"
"Standalone (installs/configures Optimize without GTM)","Autonome (installe et configure Optimize sans GTM)"
"Standard UTM Parameters","Paramètres UTM standards"
"Statistic cookies help website owners to understand how visitors interact with websites by collecting and reporting information anonymously.","Les cookies statistiques aident les propriétaires de sites à comprendre comment les visiteurs interagissent avec leur site, en collectant et en communiquant des informations de manière anonyme."
"Stock dimension index","Index de la dimension de stock"
"Strategy","Stratégie"
"Submit form","Envoyer le formulaire"
"Successful events count","Nombre d’événements réussis"
"Successs","Succès"
"Tax Preferences","Préférences de taxe"
"Terms of Use","Conditions d’utilisation"
"Test API","Tester l’API"
"Text color","Couleur du texte"
"The value of this cookie triggers the cleanup of local cache storage. Used by Magento.","La valeur de ce cookie déclenche le nettoyage du stockage local. Utilisé par Magento."
"These cookies are essential so that you can move around the website and use its features. Without these cookies services you have asked for cannot be provided.","Ces cookies sont indispensables pour naviguer sur le site et utiliser ses fonctionnalités. Sans eux, les services que vous avez demandés ne peuvent pas être fournis."
"This cookie tracks error messages and other notifications that are shown to the user, such as the cookie consent message, and various error messages. Used by Magento.","Ce cookie suit les messages d’erreur et autres notifications affichés à l’utilisateur, comme le message de consentement aux cookies et divers messages d’erreur. Utilisé par Magento."
"Throttle","Limitation"
"TikTok Pixel Code","Code du Pixel TikTok"
"TikTok Pixel Required Cookie Consent Mode","Mode de consentement aux cookies requis pour le Pixel TikTok"
"TikTok Pixel Tracking","Suivi par le Pixel TikTok"
"TikTok value","Valeur TikTok"
"Toggle","Basculer"
"Toggle all","Tout basculer"
"Top Left Dialog","Fenêtre en haut à gauche"
"Top Right Dialog","Fenêtre en haut à droite"
"Total events count","Nombre total d’événements"
"Track canceled orders","Suivre les commandes annulées"
"Track custom events","Suivre les événements personnalisés"
"Track offline orders","Suivre les commandes hors ligne"
"Track refunds","Suivre les remboursements"
"Track server-side ONLY","Suivi côté serveur UNIQUEMENT"
"Tracked","Suivi"
"Traffic attribution","Attribution du trafic"
"Transaction params","Paramètres de la transaction"
"Transaction product item price","Prix de l’article produit dans la transaction"
"Transaction revenue","Chiffre d’affaires de la transaction"
"Unable to proceed. Please, try again.","Impossible de continuer. Veuillez réessayer."
"Unassigned","Non affecté"
"Unclassified","Non classé"
"Universal Analytics Tracking ID","ID de suivi Universal Analytics"
"Universal Analytics tag","Balise Universal Analytics"
"Unlisted","Non listé"
"Update Cookie Preferences","Mettre à jour les préférences de cookies"
"Upload JSON key","Téléverser la clé JSON"
"Upload raster logo","Téléverser un logo matriciel"
"Use GTM split snippet","Utiliser l’extrait GTM scindé"
"Use built-in settings","Utiliser les réglages intégrés"
"Use category segments","Utiliser les segments de catégorie"
"Use current store currency (auto, recommended)","Utiliser la devise du magasin actuel (auto, recommandé)"
"Use first variant SKU(s)","Utiliser le(s) SKU de la première variante"
"Use localStorage","Utiliser le localStorage"
"Use remove confirmation","Demander confirmation avant de retirer"
"Use simple SKU(s) only","Utiliser uniquement le(s) SKU simple(s)"
"Used as the fallback identification method going forward","Utilisé désormais comme méthode d’identification de repli"
"Used by Magento for configuration setting that improves performance when using Varnish static content caching.","Utilisé par Magento pour un réglage de configuration qui améliore les performances avec la mise en cache du contenu statique par Varnish."
"Used by Magento to store configuration for product data related to Recently Viewed / Compared Products.","Utilisé par Magento pour stocker la configuration des données produit liées aux produits récemment consultés / comparés."
"Used by Magento to store product IDs of previously compared products.","Utilisé par Magento pour stocker les ID des produits comparés précédemment."
"Used by Magento to store product IDs of recently compared products.","Utilisé par Magento pour stocker les ID des produits comparés récemment."
"Used by Magento to store product IDs of recently previously viewed products for easy navigation.","Utilisé par Magento pour stocker les ID des produits consultés précédemment, pour faciliter la navigation."
"Used by Magento to store product IDs of recently viewed products for easy navigation.","Utilisé par Magento pour stocker les ID des produits consultés récemment, pour faciliter la navigation."
"Used to track visitor choice regarding ad personalization","Sert à suivre le choix du visiteur concernant la personnalisation des publicités"
"Used to track visitor choice regarding analytics cookies","Sert à suivre le choix du visiteur concernant les cookies d’analyse"
"Used to track visitor choice regarding general cookie usage","Sert à suivre le choix du visiteur concernant l’utilisation des cookies en général"
"Used to track visitor choice regarding marketing cookies","Sert à suivre le choix du visiteur concernant les cookies marketing"
"Used to track visitor choice regarding preferences cookies","Sert à suivre le choix du visiteur concernant les cookies de préférences"
"Used to track visitor choice regarding user data","Sert à suivre le choix du visiteur concernant les données utilisateur"
"User data","Données utilisateur"
"Using gtag.js - BETA","Avec gtag.js - BÊTA"
"Verify SSL host","Vérifier l’hôte SSL"
"Verify SSL peer","Vérifier le pair SSL"
"We have detected existing Universal Analytics tag. Skipping tag creation.","Une balise Universal Analytics existante a été détectée. Création de la balise ignorée."
"Widget color","Couleur du widget"
"Widget color gradient end","Fin du dégradé de couleur du widget"
"Widget list add cart selector","Sélecteur d’ajout au panier des listes de widgets"
"Widget list click selector","Sélecteur de clic des listes de widgets"
"Widget list selector","Sélecteur des listes de widgets"
"Wishlist items","Articles de la liste d’envies"
"Wishlist items Add to cart selector","Sélecteur « Ajouter au panier » des articles de la liste d’envies"
"Yes, built-in (requires additional configurations)","Oui, intégré (nécessite une configuration supplémentaire)"
"Yes, on placed order","Oui, à la commande"
"Yes, on success page","Oui, sur la page de confirmation"
"Yes, other.","Oui, autre."
"Yes, using CookieBot","Oui, avec CookieBot"
"Yes, using CookieYes","Oui, avec CookieYes"
"Yes, using Onetrust","Oui, avec Onetrust"
"allows you to change the conversion value, but not the count of conversions. Only the Conv. value and All Conv. value columns and ROAS bid strategies will be affected.","permet de modifier la valeur de la conversion, mais pas le nombre de conversions. Seules les colonnes Valeur de conv. et Valeur de toutes les conv. et les stratégies d’enchères ROAS sont concernées."
