"Additional Allowed Extensions","Extensions autorisées supplémentaires"
"Additional Blocked Extensions","Extensions bloquées supplémentaires"
"Base Allowed Extensions (code-defined)","Extensions autorisées de base (définies dans le code)"
"Base Blocked Extensions (code-defined)","Extensions bloquées de base (définies dans le code)"
"Comma-separated list of additional file extensions to allow (e.g. <code>ai, psd, svg</code>). Case-insensitive. Extensions that appear in the blocked list will <strong>always</strong> be rejected.","Liste d’extensions de fichiers supplémentaires à autoriser, séparées par des virgules (par ex. <code>ai, psd, svg</code>). Insensible à la casse. Les extensions présentes dans la liste bloquée sont <strong>toujours</strong> refusées."
"Comma-separated list of additional file extensions to block (e.g. <code>svg, swf, html</code>). Case-insensitive. <strong>Overrides all allowlists</strong> — if an extension appears here and in the allowed list, it will be blocked.","Liste d’extensions de fichiers supplémentaires à bloquer, séparées par des virgules (par ex. <code>svg, swf, html</code>). Insensible à la casse. <strong>Prime sur toutes les listes autorisées</strong> : une extension présente ici et dans la liste autorisée est bloquée."
"Configure which file extensions are permitted for customer file uploads (e.g. custom product options). Extensions matching blocked patterns (php, phtml, exe, etc.) are <strong>always</strong> rejected regardless of this setting.","Configurez les extensions de fichiers autorisées pour les téléversements des clients (par ex. options personnalisées des produits). Les extensions correspondant aux motifs bloqués (php, phtml, exe, etc.) sont <strong>toujours</strong> refusées, quel que soit ce paramètre."
"Failed to read uploaded file content for security validation.","Impossible de lire le contenu du fichier téléversé pour la validation de sécurité."
"File Upload Settings","Paramètres de téléversement de fichiers"
"File not found.","Fichier introuvable."
"File operations on this attribute type are not permitted.","Les opérations sur fichiers ne sont pas autorisées pour ce type d’attribut."
"File upload validation failed.","La validation du fichier téléversé a échoué."
"File uploads to customer attributes are not permitted.","Le téléversement de fichiers dans les attributs client n’est pas autorisé."
"File uploads to this attribute type are not permitted.","Le téléversement de fichiers n’est pas autorisé pour ce type d’attribut."
"Image file must include a valid file extension.","Le fichier image doit avoir une extension valide."
"Image file name is required.","Le nom du fichier image est obligatoire."
"Image filename contains a blocked extension pattern.","Le nom du fichier image contient un motif d’extension bloqué."
"Not allowed","Non autorisé"
"Polyglot detected","Fichier polyglotte détecté"
"The image file extension ""%1"" is not allowed.","L’extension de fichier image « %1 » n’est pas autorisée."
"Uploaded file contains executable code and is not permitted for security reasons.","Le fichier téléversé contient du code exécutable et n’est pas autorisé pour des raisons de sécurité."
"Uploaded file extension is not allowed for security reasons.","L’extension du fichier téléversé n’est pas autorisée pour des raisons de sécurité."
"Uploaded file extension is not allowed.","L’extension du fichier téléversé n’est pas autorisée."
"Uploaded file matches known malicious payload signature.","Le fichier téléversé correspond à une signature de charge malveillante connue."
"Uploaded file must include a valid extension.","Le fichier téléversé doit avoir une extension valide."
"Uploaded file name contains invalid control characters.","Le nom du fichier téléversé contient des caractères de contrôle invalides."
"Uploaded file name contains invalid path separators.","Le nom du fichier téléversé contient des séparateurs de chemin invalides."
"Uploaded file name is not allowed.","Le nom du fichier téléversé n’est pas autorisé."
"Uploaded file name is required.","Le nom du fichier téléversé est obligatoire."
"Uploaded file name is too long.","Le nom du fichier téléversé est trop long."
"Uploaded filename ""%1"" is not permitted.","Le nom de fichier téléversé « %1 » n’est pas autorisé."
"Uploaded filename ""%1"" matches a suspicious pattern and is not permitted.","Le nom de fichier téléversé « %1 » correspond à un motif suspect et n’est pas autorisé."
"asp, aspx, bat, cgi, cmd, com, dll, exe, inc, jar, js, jsp, mjs, module, msi, phar, php (incl. php3–php8), phps, pht, phtml, phtm, pl, ps1, py, sh, shtml, so, vbs<br/><em>Double-extension patterns (e.g. file.php.jpg) are also blocked automatically.</em>","asp, aspx, bat, cgi, cmd, com, dll, exe, inc, jar, js, jsp, mjs, module, msi, phar, php (y compris php3–php8), phps, pht, phtml, phtm, pl, ps1, py, sh, shtml, so, vbs<br/><em>Les doubles extensions (par ex. file.php.jpg) sont aussi bloquées automatiquement.</em>"
