"%1 seconds","%1 secondes"
"Can't encode data as json to save in cache, error: %1","Impossible d’encoder les données en JSON pour les mettre en cache, erreur : %1"
"Category Url Key","Clé d’URL de catégorie"
"Category Url Path","Chemin d’URL de catégorie"
"Couldn't schedule refreshing due to some unknown error","Impossible de planifier l’actualisation suite à une erreur inconnue"
"Data Integrity Checker","Vérificateur d’intégrité des données"
"Don't check for problems with invisible products","Ne pas vérifier les problèmes des produits invisibles"
"Execution time","Durée d’exécution"
"Finished refreshing","Actualisation terminée"
"Initiator","Déclencheur"
"No storage identifier was setup for this block!","Aucun identifiant de stockage n’est configuré pour ce bloc !"
"Not implemented: getAggregations!","Non implémenté : getAggregations !"
"Not implemented: getSearchCriteria!","Non implémenté : getSearchCriteria !"
"Not implemented: setAggregations!","Non implémenté : setAggregations !"
"Not implemented: setItems!","Non implémenté : setItems !"
"Not implemented: setSearchCriteria!","Non implémenté : setSearchCriteria !"
"Not implemented: setTotalCount!","Non implémenté : setTotalCount !"
"Path to store results","Chemin de stockage des résultats"
"Problem","Problème"
"Product Url Key","Clé d’URL de produit"
"Product Url Path","Chemin d’URL de produit"
"Started refreshing","Actualisation lancée"
"The refresh job was scheduled, please check back in a few moments to see the updated results","L’actualisation a été planifiée, revenez dans quelques instants pour voir les résultats à jour"
"Url Data Integrity Checker","Vérificateur d’intégrité des URL"
"We are already refreshing the category url key's, just have a little patience","Les clés d’URL des catégories sont déjà en cours d’actualisation, un peu de patience"
"We are already refreshing the category url path's, just have a little patience","Les chemins d’URL des catégories sont déjà en cours d’actualisation, un peu de patience"
"We are already refreshing the product url key's, just have a little patience","Les clés d’URL des produits sont déjà en cours d’actualisation, un peu de patience"
"We are already refreshing the product url path's, just have a little patience","Les chemins d’URL des produits sont déjà en cours d’actualisation, un peu de patience"
"We are already refreshing this checker. If you believe this is an error, clear it by providing the '--force' flag using the command line in the appropriate integrity check command","Ce vérificateur est déjà en cours d’actualisation. S’il s’agit d’une erreur, réinitialisez-le avec l’option « --force » de la commande de vérification d’intégrité correspondante"
