"Comment is too long","Le commentaire est trop long"
"Edit Order Comment","Modifier le commentaire de commande"
"Enter comment","Saisissez un commentaire"
"Initial collapse state on checkout page","État initial (replié ou non) sur la page de commande"
"Maximum length in characters","Longueur maximale en caractères"
"Render field without collapse","Afficher le champ sans repli"
"Save Comment","Enregistrer le commentaire"
"Show comments in customer account","Afficher les commentaires dans le compte client"
"Starts with field closed","Champ fermé au départ"
"Starts with field opened","Champ ouvert au départ"
"There was an error when updating the quote.","Une erreur est survenue lors de la mise à jour du devis."
"Your comment has been saved.","Votre commentaire a été enregistré."
