" each and "," l’unité et "
"%1 delivers a latest version updates %2. Please update as soon as possible to enhance performance and functionality.","%1 propose une nouvelle version %2. Mettez-la à jour dès que possible pour améliorer les performances et les fonctionnalités."
"Add custom child products' URLs to XML sitemap","Ajouter les URL des produits enfants personnalisés au sitemap XML"
"Add your custom style to frontend","Ajoutez votre style personnalisé au site"
"Additional CSS","CSS supplémentaire"
"Additional Info","Informations complémentaires"
"Attributes Display Config","Configuration de l’affichage des attributs"
"Auto Payment Config","Configuration du paiement automatique"
"Auto Select Payment Method","Sélection automatique du mode de paiement"
"Auto Select Shipping Method","Sélection automatique du mode d’expédition"
"Auto Shipping Config","Configuration de l’expédition automatique"
"BSS Extensions","Extensions BSS"
"Bss Import SDCP Preselect","Import de la présélection SDCP (BSS)"
"Buy %1 for","Achetez-en %1 à"
"Buy %1 for ","Achetez-en %1 à "
"Child Product Image When Not Have Images Itself","Image du produit enfant lorsqu’il n’a pas d’image propre"
"Choose 'Yes' if CSS not apply at frontend","Choisissez « Oui » si le CSS ne s’applique pas sur le site"
"Choose 'Yes' if CSS not apply at frontend. Used for BSS Commerce's Modules","Choisissez « Oui » si le CSS ne s’applique pas sur le site. Utilisé par les modules BSS Commerce"
"Configurable Product Wholesale Display","Affichage des prix de gros des produits configurables"
"Enable Ajax Load Detail","Activer le chargement Ajax des détails"
"Enable BSS Commerce Popup","Activer la fenêtre BSS Commerce"
"Enable Module","Activer le module"
"Enable Preprocessed CSS","Activer le CSS prétraité"
"Error when applied preselect product","Erreur lors de l’application du produit présélectionné"
"Error when get product from urls","Erreur lors de la récupération du produit depuis les URL"
"First Method","Premier mode"
"Gallery Switch Strategy","Stratégie de changement de galerie"
"IN STOCK","EN STOCK"
"If not existed, apply one of the available payment methods based on its position.","S’il n’existe pas, l’un des modes de paiement disponibles est appliqué selon sa position."
"If not existed, apply one of the available shipping methods based on its position.","S’il n’existe pas, l’un des modes d’expédition disponibles est appliqué selon sa position."
"Installed","Installé"
"Installed Modules","Modules installés"
"Last Method","Dernier mode"
"More details","Plus de détails"
"No shipping Address available","Aucune adresse d’expédition disponible"
"OUT OF STOCK","RUPTURE DE STOCK"
"Only display product page","Afficher uniquement la page produit"
"Order Details on Success Page","Détails de la commande sur la page de confirmation"
"Order Status: ","Statut de la commande : "
"Order configurable products faster - %1","Commandez plus vite les produits configurables - %1"
"Payment  method is automatically selected if existed.","Le mode de paiement est sélectionné automatiquement s’il existe."
"Payment Method Position","Position du mode de paiement"
"Pre-Select Shipping/Payment","Présélection expédition / paiement"
"Preselect","Présélection"
"Re-Order","Commander à nouveau"
"Recommended Extensions","Extensions recommandées"
"Redirect to configurable product","Rediriger vers le produit configurable"
"Root Folder","Dossier racine"
"SDCP General","SDCP - Général"
"SDCP Preselect","SDCP - Présélection"
"Shipping Method Position","Position du mode d’expédition"
"Shipping method is automatically selected if existed.","Le mode d’expédition est sélectionné automatiquement s’il existe."
"Show Billing Address","Afficher l’adresse de facturation"
"Show Custom Option of Child Products","Afficher les options personnalisées des produits enfants"
"Show Order Status","Afficher le statut de la commande"
"Show Ordered Product","Afficher les produits commandés"
"Show Payment Method","Afficher le mode de paiement"
"Show Print Order Link","Afficher le lien d’impression de la commande"
"Show Reorder Link","Afficher le lien « Commander à nouveau »"
"Show Shipping Address","Afficher l’adresse d’expédition"
"Show Shipping Method","Afficher le mode d’expédition"
"Simple Details on Configurable Product","Détails des produits simples sur le produit configurable"
"Text Above Order Details","Texte au-dessus des détails de la commande"
"Text Above Order Details Configuration","Configuration du texte au-dessus des détails de la commande"
"Text Input Size (Pixel)","Taille du champ texte (pixels)"
"Text Under Order Details","Texte sous les détails de la commande"
"Text Under Order Details Configuration","Configuration du texte sous les détails de la commande"
"Thank You Message","Message de remerciement"
"Thank You Message Configuration","Configuration du message de remerciement"
"Turn on Bss Commerce Module's new version and Promotion notifications","Activer les notifications de nouvelles versions et de promotions des modules BSS Commerce"
"Use Default Placeholder","Utiliser l’image de remplacement par défaut"
"Use Parent Product Image","Utiliser l’image du produit parent"
"We does not support this product type: %1","Ce type de produit n’est pas pris en charge : %1"
"We does not support this type product: %1","Ce type de produit n’est pas pris en charge : %1"
"each and ","l’unité et "
