"""%field"" can not be empty.","« %field » ne peut pas être vide."
"$scopeId is required","$scopeId est obligatoire"
"$websiteId parameter is required","$websiteId est un paramètre obligatoire"
"%1Are you sure you want to delete ""%2"" image(s)?","%1Voulez-vous vraiment supprimer « %2 » image(s) ?"
"%count assets have been successfully deleted.","%count ressources ont été supprimées."
"%name,","Bonjour %name,"
"255 by default. Max - 10000","255 par défaut. Maximum : 10 000"
"A status change or comment text is required to submit a comment.","Un changement de statut ou un texte de commentaire est nécessaire pour envoyer un commentaire."
"Active filters\\:","Filtres actifs :"
"Add Image","Ajouter une image"
"Add New Tag","Ajouter une étiquette"
"Add the following parameter to the URL to show template hints ?templatehints=[parameter_value]","Ajoutez ce paramètre à l’URL pour afficher les repères de gabarits : ?templatehints=[valeur_du_parametre]"
"Add to address book","Ajouter au carnet d’adresses"
"Additionally Show Order Total Without Tax","Afficher aussi le total de la commande hors taxes"
"Admin 2 columns with left bar","Administration, 2 colonnes avec barre à gauche"
"After selecting a new media storage location, press the Synchronize button to transfer all media to that location and then ""Save Config"". Media will not be available in the new location until the synchronization process is complete.","Après avoir choisi un nouvel emplacement de stockage des médias, cliquez sur « Synchroniser » pour y transférer tous les médias, puis sur « Enregistrer la configuration ». Les médias ne seront disponibles au nouvel emplacement qu’une fois la synchronisation terminée."
"Allow remote shopping assistance","Autoriser l’assistance d’achat à distance"
"Allowed file types","Types de fichiers autorisés"
"An error occurred on attempt to create folder.","Une erreur est survenue lors de la création du dossier."
"An error occurred on attempt to delete image.","Une erreur est survenue lors de la suppression de l’image."
"An error occurred on attempt to get image details.","Une erreur est survenue lors de la récupération des détails de l’image."
"An error occurred on attempt to remove folder.","Une erreur est survenue lors de la suppression du dossier."
"An error occurred on attempt to save image.","Une erreur est survenue lors de l’enregistrement de l’image."
"Applies to category pages.","S’applique aux pages de catégorie."
"Apply transliteration for product URL","Appliquer la translittération aux URL de produit"
"Are you sure you want to delete this card: %1?","Voulez-vous vraiment supprimer cette carte : %1 ?"
"Asset","Ressource"
"Asset Title","Titre de la ressource"
"Assets Ids is required, and must be of type array.","Les identifiants de ressource sont obligatoires et doivent être un tableau."
"Assets have been successfully uploaded!","Les ressources ont été envoyées."
"Associate to Website","Associer au site web"
"Automatically Invoice All Items","Facturer automatiquement tous les articles"
"Backorders are disabled","Les reliquats sont désactivés"
"Buyer Country","Pays de l’acheteur"
"Can't check requested quantity for products without Source Items support.","Impossible de vérifier la quantité de produits sans source de stock."
"Cannot upload ""%1"". File exceeds maximum file size limit.","Impossible d’envoyer « %1 ». Le fichier dépasse la taille maximale autorisée."
"Cannot upload ""%1"". Filename is too long, must be 90 characters or less.","Impossible d’envoyer « %1 ». Le nom de fichier est trop long, 90 caractères au maximum."
"Cart %1 doesn't contain products","Le panier %1 ne contient aucun produit"
"Catalog media URL format","Format des URL de médias du catalogue"
"Click here or drag and drop to add files.","Cliquez ici ou glissez-déposez pour ajouter des fichiers."
"Code Quantity Limit","Limite de quantité de codes"
"Column","Colonne"
"Commerce Services Connector Setup","Configuration de Commerce Services Connector"
"Condition have to implement IsProductSalableForRequestedQtyInterface.","La condition doit implémenter IsProductSalableForRequestedQtyInterface."
"Condition have to implement IsProductSalableInterface.","La condition doit implémenter IsProductSalableInterface."
"Condition must implement %1","La condition doit implémenter %1"
"Content Status","Statut du contenu"
"Content of uploaded file was changed, please re-upload the file","Le contenu du fichier envoyé a changé, veuillez le renvoyer"
"Copyright","Mentions de copyright"
"Could not create the directory.","Impossible de créer le dossier."
"Could not delete ""%image"": destination directory is restricted.","Impossible de supprimer « %image » : le dossier de destination est protégé."
"Could not delete the directory.","Impossible de supprimer le dossier."
"Could not load Sales Channels for Stock","Impossible de charger le canal de vente pour le stock"
"Could not replace Sales Channels for Stock","Impossible de remplacer le canal de vente pour le stock"
"Could not retrieve image details.","Impossible de récupérer les détails de l’image."
"Could not retrieve the asset.","Impossible de récupérer la ressource."
"Could not save image details.","Impossible d’enregistrer les détails de l’image."
"Could not upload image.","Impossible d’envoyer l’image."
"Could not upload the asset.","Impossible d’envoyer la ressource."
"Credit Memo Date","Date de l’avoir"
"Credit Memo Information","Informations sur l’avoir"
"Custom Layout Update","Modification de mise en page personnalisée"
"Customer does not exist","Le client n’existe pas"
"Delete Images...","Supprimer des images…"
"Delete assets","Supprimer les ressources"
"Directory","Répertoire"
"Directory %1 does not exist in media directory.","Le dossier %1 n’existe pas dans le dossier média."
"Directory: Ascending","Répertoire : croissant"
"Directory: Descending","Répertoire : décroissant"
"Display Category Filter","Afficher le filtre de catégorie"
"Display Mini Cart","Afficher le mini-panier"
"Edit Details","Modifier les détails"
"Edit Image","Modifier l’image"
"Edit Stock","Modifier le stock"
"Email","E-mail"
"Email is required field for Admin order creation","L’e-mail est obligatoire lors de la création d’une commande en administration"
"Email: %email","E-mail : %email"
"Enable Clear Shopping Cart","Activer le vidage du panier"
"Enable Old Media Gallery","Activer l’ancienne galerie média"
"Enter a valid cookie path. e.g. /","Saisissez un chemin de cookie valide, par exemple /"
"Enter a valid domain name. e.g. ""subdomain.yourdomain.com"", "".yourdomain.com""","Saisissez un nom de domaine valide, par exemple « sousdomaine.votredomaine.com » ou « .votredomaine.com »"
"Enter the Cookie Lifetime in seconds.","Saisissez la durée de vie du cookie en secondes."
"Folder path parameter is required.","Le paramètre du chemin de dossier est obligatoire."
"Folder paths parameter is required.","Le paramètre des chemins de dossier est obligatoire."
"For better performance max value allowed is 250,000. Set 0 to disable it.","Pour de meilleures performances, la valeur maximale autorisée est 250 000. Mettre 0 pour désactiver."
"General Configuration","Configuration générale"
"Generate ""category/product"" URL Rewrites","Générer les réécritures d’URL « catégorie/produit »"
"Identifies the secure cloud storage project and data space used by Commerce Services Connector for this instance.","Identifie le projet de stockage sécurisé et l’espace de données utilisés par Commerce Services Connector pour cette instance."
"If not specified, Default Search Engine will be used.","Si rien n’est indiqué, le moteur de recherche par défaut sera utilisé."
"If set YES Email field will be required during Admin order creation for new Customer.","Si activé, l’e-mail devient obligatoire lors de la création d’une commande en administration pour un nouveau client."
"Image Details","Détails de l’image"
"Image ID is required.","L’identifiant de l’image est obligatoire."
"Image Ids are required and must be of type array.","Les identifiants d’image sont obligatoires et doivent être un tableau."
"In Menu","Dans le menu"
"Input data is empty","Les données d’entrée sont vides"
"Invalid response","Réponse invalide"
"Invoice # %1","Facture n° %1"
"Invoice Information","Informations sur la facture"
"Is Enabled","Est activé"
"Last Updated At","Dernière modification le"
"Load Default Template","Charger le modèle par défaut"
"Login as Customer","Connexion en tant que client"
"Logo for PDF Print-outs","Logo des impressions PDF"
"Logout","Se déconnecter"
"Manage Gallery","Gérer la galerie"
"Manage stock is enabled","Gestion de stock activée"
"Media","Média"
"Memo # %1","Avoir n° %1"
"Modification Date","Date de modification"
"Modifying this configuration has no effect in production mode.","Modifier ce réglage n’a aucun effet en mode production."
"Must be in the allowed values list.","Doit figurer dans la liste des valeurs autorisées."
"NONE","AUCUN"
"Name: A to Z","Nom : de A à Z"
"Name: Z to A","Nom : de Z à A"
"New User Notification Template","Modèle de notification de nouvel utilisateur"
"Newest first","Plus récents d’abord"
"No linked stock found","Pas trouvé de stock lié"
"Oldest first","Plus anciens d’abord"
"Only 'b', 'br', 'em', 'i', 'li', 'ol', 'p', 'strong', 'sub', 'sup', 'ul' tags are allowed","Seules les balises ’b’, ’br’, ’em’, ’i’, ’li’, ’ol’, ’p’, ’strong’, ’sub’, ’sup’ et ’ul’ sont autorisées"
"Parameter ""object"" must be present.","Paramètre « object » doit être présent."
"Parameter ""sort_order"" must be present for unrequired conditions.","Paramètre « sort_order » doit être présent pour les conditions facultatives."
"Parameter ""sort_order"" must be present for urequired conditions.","Paramètre « sort_order » doit être présent pour les conditions facultatives."
"Please enter a coupon code!","Veuillez saisir un code promo."
"Please select a file to import!","Veuillez sélectionner un fichier à importer."
"Please use only letters (a-z or A-Z), numbers (0-9), dots (.), commas(,), underscores (_) and dashes(-) on this field.","N’utilisez que des lettres (a-z ou A-Z), des chiffres (0-9), des points (.), des virgules (,), des tirets bas (_) et des tirets (-) dans ce champ."
"Please use only letters (a-z or A-Z), numbers (0-9), dots (.), commas(,), underscores (_), dashes (-), and spaces on this field.","N’utilisez que des lettres (a-z ou A-Z), des chiffres (0-9), des points (.), des virgules (,), des tirets bas (_), des tirets (-) et des espaces dans ce champ."
"Please use only letters (a-z or A-Z), numbers (0-9), dots (.), commas(,), underscores (_), dashes(-) and spaces on this field.","N’utilisez que des lettres (a-z ou A-Z), des chiffres (0-9), des points (.), des virgules (,), des tirets bas (_), des tirets (-) et des espaces dans ce champ."
"Please use only letters (a-z or A-Z), numbers (0-9), underscore (_) or hyphen (-) in this field. No spaces or other characters are allowed.","N’utilisez que des lettres (a-z ou A-Z), des chiffres (0-9), le tiret bas (_) ou le tiret (-) dans ce champ. Les espaces et les autres caractères ne sont pas autorisés."
"Postcode","Code postal"
"Product Grid","Grille des produits"
"Product URL Rewrite Scope","Portée des réécritures d’URL de produit"
"Qty Available","Qté disponible"
"Quantity Per Source","Quantité par source"
"Quantity per Source","Quantité par source"
"Resize performed via javascript before file upload.","Redimensionnement effectué en JavaScript avant l’envoi du fichier."
"Retrieving directories list failed.","La récupération de la liste des dossiers a échoué."
"Salable Quantity","Quantité vendable"
"Select Images to Delete","Sélectionner les images à supprimer"
"Select from Gallery","Sélectionner depuis la galerie"
"Shipment # %1","Expédition n° %1"
"Shipment Date","Date d’expédition"
"Shipment Information","Informations sur l’expédition"
"Shopping cart","Panier"
"Show Images Used In","Afficher les images utilisées dans"
"Show More","Afficher plus"
"Show Password","Afficher le mot de passe"
"Show duplicates","Afficher les doublons"
"Sort by","Trier par"
"Source Item Status","Statut de l’article source"
"Start typing to find assets","Commencez à saisir pour trouver des ressources"
"Start typing to find blocks","Commencez à saisir pour trouver des blocs"
"Start typing to find categories","Commencez à saisir pour trouver des catégories"
"Start typing to find pages","Commencez à saisir pour trouver des pages"
"Stock has at least one sale channel and could not be deleted.","Le stock a au moins un canal de vente et ne peut pas être supprimé."
"Store Url Options","Options d’URL de la boutique"
"Subscribed on Store View","Abonné depuis la vue magasin"
"Success Page","Page de succès"
"Target element not found for content update","Élément cible introuvable pour la mise à jour du contenu"
"Tax/VAT Number","Numéro de TVA intracommunautaire"
"Text Color","Couleur du texte"
"The asset ""%title"" has been successfully deleted.","La ressource « %title » a été supprimée."
"The credit memo confirmation email is not sent","L’e-mail de confirmation de l’avoir n’a pas été envoyé"
"The credit memo confirmation email was sent","L’e-mail de confirmation de l’avoir a été envoyé"
"The fewest you may purchase is %1","Le minimum de commande est de %1"
"The following folder is going to be deleted: %1","Le dossier suivant va être supprimé : %1"
"The image was uploaded successfully.","L’image a été envoyée."
"The invoice confirmation email is not sent","L’e-mail de confirmation de la facture n’a pas été envoyé"
"The invoice confirmation email was sent","L’e-mail de confirmation de la facture a été envoyé"
"The requested qty exceeds the maximum qty allowed in shopping cart","La quantité demandée est supérieure à la quantité maximale admise dans le panier"
"The requested sku is not assigned to given stock","La Ref. demandée n’est pas assignée à un stock"
"The requested sku is not assigned to given stock.","La Ref. demandée n’est pas assignée à un stock."
"The selected assets are used in the content of the following entities: ","Les ressources sélectionnées sont utilisées dans le contenu des éléments suivants : "
"The shipment confirmation email is not sent","L’e-mail de confirmation de l’expédition n’a pas été envoyé"
"The shipment confirmation email was sent","L’e-mail de confirmation de l’expédition a été envoyé"
"The target_folder parameter is required.","Le paramètre target_folder est obligatoire."
"The website with code ""%code"" does not exist.","Le code du site web « %code » n’existe pas."
"There are no source items with the in stock status","Il n’y a pas de source de stock avec le statut Disponible"
"There was an error on attempt to delete the image.","Une erreur est survenue lors de la suppression de l’image."
"There was an error on attempt to delete the images.","Une erreur est survenue lors de la suppression des images."
"This value must be compatible with the corresponding setting in the configured search engine.","Cette valeur doit être compatible avec le réglage correspondant du moteur de recherche configuré."
"This value must be compatible with the corresponding setting in the configured search engine. Be aware: a low query length limit may cause the performance impact.","Cette valeur doit être compatible avec le réglage correspondant du moteur de recherche configuré. Attention : une limite de longueur de requête trop basse peut dégrader les performances."
"Thumbnail Image","Vignette"
"Tooltip","Infobulle"
"Update Comment","Mettre à jour le commentaire"
"Upload","Charger"
"Uploaded Date","Date d’envoi"
"Uploaded Locally","Envoyée localement"
"Use URL parameter to enable template path hints for Storefront","Utiliser un paramètre d’URL pour activer les repères de gabarits côté boutique"
"Used In","Utilisée dans"
"Used in Categories","Utilisée dans les catégories"
"Used in Pages","Utilisée dans les pages"
"Used in Products","Utilisée dans les produits"
"Using Default Theme","Utilisation du thème par défaut"
"Validation Failed","Validation échouée"
"View Credit Memo #%1","Avoir n° %1"
"View Credit Memo for #%1","Avoir de la commande n° %1"
"View Invoice # %1","Facture n° %1"
"View Invoice #%1","Facture n° %1"
"View Shipment #%1","Expédition n° %1"
"Warning!<br>This action will remove this user from already assigned role.<br>Are you sure?","Attention !<br>Cette action retirera cet utilisateur du rôle qui lui est attribué.<br>Confirmez-vous ?"
"Warning!<br>This action will remove those users from already assigned roles.<br>Are you sure?","Attention !<br>Cette action retirera ces utilisateurs des rôles qui leur sont attribués.<br>Confirmez-vous ?"
"We don't have as many quantity as you requested, but we'll back order the remaining %1.","Nous n’avons pas en stock la quantité totale demandée. Sachez qu’une quantité de %1 unité(s) bloquera l’expédition de votre commande en attendant le réapprovisionnement (nous consulter pour le délai)."
"When Cookie Restriction Mode is enabled, visitors to your store are notified that cookies are required for full-featured operations.","Lorsque le mode de restriction des cookies est activé, les visiteurs sont informés que les cookies sont nécessaires au fonctionnement complet de la boutique."
"Whether to show ""All"" option in the ""Show X Per Page"" dropdown.","Afficher ou non l’option « Tous » dans la liste « Afficher X par page »."
"Wrong condition.","Mauvaise condition."
"You cannot use decimal quantity for this product.","Vous ne pouvez pas utiliser de quantité à décimale pour ce produit."
"You have successfully created the folder.","Le dossier a été créé."
"You have successfully removed the folder.","Le dossier a été supprimé."
"You have successfully removed the images.","Les images ont été supprimées."
"You have successfully saved the image ""%image""","L’image « %image » a été enregistrée"
"You need to select at least one image","Vous devez sélectionner au moins une image"
"Zero Subtotal Checkout","Commande à montant nul"
"star","étoile"
"stars","étoiles"
"ver. %1","version %1"
"– Please Select assets –","– Sélectionnez des ressources –"
