"2nd Checkbox","2e case à cocher"
"Accent Colour","Couleur d’accent"
"Add Column","Ajouter une colonne"
"Add Print Action inside Grids","Ajouter l’action d’impression dans les grilles"
"Add custom text to appear at the bottom of the pdf. Use free text or simple html.","Texte personnalisé à afficher en bas du PDF. Texte libre ou HTML simple."
"Allocated Sources","Sources allouées"
"Alternative Designs - Settings","Designs alternatifs - Paramètres"
"Automatic","Automatique"
"Back Ordered Qty","Qté en rupture (commande en attente)"
"Background image","Image de fond"
"Barcode","Code-barres"
"Barcode Source Attribute","Attribut source du code-barres"
"Base Amount","Montant de base"
"Bold","Gras"
"Both Addresses if different","Les deux adresses si elles diffèrent"
"CODE 39 EXTENDED","CODE 39 ÉTENDU"
"CODE 39 EXTENDED + CHECKSUM","CODE 39 ÉTENDU + SOMME DE CONTRÔLE"
"CODE 39 with checksum","CODE 39 avec somme de contrôle"
"Common Pdf Settings","Paramètres PDF communs"
"Custom Fonts","Polices personnalisées"
"Custom Text","Texte personnalisé"
"Custom Title","Titre personnalisé"
"Custom Width","Largeur personnalisée"
"Default Fonts","Polices par défaut"
"Design One - Settings","Design One - Paramètres"
"Discount Percentage","Pourcentage de remise"
"Discount Percentage (from Original)","Pourcentage de remise (sur le prix d’origine)"
"Display Background on First Page Only","Afficher le fond sur la première page uniquement"
"Display Base and Order Currency","Afficher la devise de base et la devise de la commande"
"Display Customer Email","Afficher l’e-mail du client"
"Display Order Number Barcode","Afficher le code-barres du numéro de commande"
"Display Total Weight","Afficher le poids total"
"Display Tracking Number as Barcode","Afficher le numéro de suivi en code-barres"
"Display as 4 point decimal (Qty:1.500)","Afficher avec 4 décimales (Qté : 1.500)"
"Display as float (Qty:1.5)","Afficher en décimal (Qté : 1.5)"
"Display as integer (Qty:1)","Afficher en entier (Qté : 1)"
"Display using CODE39 Extended with checksum","Afficher en CODE39 étendu avec somme de contrôle"
"Display using CODE39 Extended without checksum","Afficher en CODE39 étendu sans somme de contrôle"
"Display using QR Code","Afficher en QR code"
"Don't Display","Ne pas afficher"
"Don't Use","Ne pas utiliser"
"Don't display","Ne pas afficher"
"Double Sided Printing","Impression recto verso"
"Each column type can only appear once.","Chaque type de colonne ne peut apparaître qu’une fois."
"Enable Stores > Configuration > Pdf-Printouts > Shipment > Print Order as Packing Slip to print orders of any status.","Activez Magasins > Configuration > Impressions PDF > Expédition > Imprimer la commande comme bon de livraison pour imprimer les commandes quel que soit leur statut."
"Enter a title for the invoice pdf.","Saisissez un titre pour le PDF de facture."
"Enter a title for the order pdf.","Saisissez un titre pour le PDF de commande."
"Enter your store's address as you would like it to appear in the pdfs. This field can also be used for free text.","Saisissez l’adresse de votre magasin telle qu’elle doit apparaître dans les PDF. Ce champ peut aussi servir de texte libre."
"Font and Barcode Settings","Paramètres des polices et codes-barres"
"Hide Background Image in Admin","Masquer l’image de fond dans l’admin"
"Highlight Mode for Qty columns","Mise en évidence des colonnes de quantité"
"Impact - Settings","Impact - Paramètres"
"Impact Bottom Margin","Marge inférieure Impact"
"Impact Side Margins","Marges latérales Impact"
"Impact Top Margin","Marge supérieure Impact"
"Interleaved 2 of 5 + CHECKSUM","Interleaved 2 of 5 + SOMME DE CONTRÔLE"
"Item Attributes","Attributs de l’article"
"KIX (Klant index - Customer index)","KIX (Klant index - index client)"
"Landscape","Paysage"
"Logo Max Height","Hauteur max. du logo"
"Logo Placement","Emplacement du logo"
"Logo Settings","Paramètres du logo"
"MSI (Variation of Plessey code)","MSI (variante du code Plessey)"
"MSI + CHECKSUM (modulo 11)","MSI + SOMME DE CONTRÔLE (modulo 11)"
"Miscellaneous","Divers"
"Name + SKU","Nom + SKU"
"Name with Link","Nom avec lien"
"No template set for %1","Aucun modèle défini pour %1"
"Open in Browser","Ouvrir dans le navigateur"
"Order Qty","Qté commandée"
"Override Store in Admin","Forcer le magasin dans l’admin"
"Packing Slip","Bon de livraison"
"Page Orientation","Orientation de la page"
"Page Settings","Paramètres de la page"
"Pdf Design","Design des PDF"
"Please transfer the invoice amount to the given account within the payment deadline.","Veuillez virer le montant de la facture sur le compte indiqué avant l’échéance de paiement."
"Pos","Pos."
"Price Excl./Incl. Tax","Prix HT / TTC"
"Price with FPT","Prix avec DEEE"
"Primary Colour","Couleur principale"
"Print Creditmemo","Imprimer l’avoir"
"Print Orders","Imprimer les commandes"
"Product Image","Image du produit"
"Product Swatch","Pastille du produit"
"QR Code","QR code"
"QR Code Source Attribute","Attribut source du QR code"
"Qty Details","Détail des quantités"
"Qty To Ship","Qté à expédier"
"Quantity Numbers","Format des quantités"
"Red","Rouge"
"Red + Bold","Rouge + gras"
"Replace Xtento Order Export Pdfs","Remplacer les PDF de Xtento Order Export"
"Requested design does not exist","Le design demandé n’existe pas"
"Row Weight","Poids de la ligne"
"Salable Qty","Qté vendable"
"Secondary Colour","Couleur secondaire"
"Sidebar Colour","Couleur de la barre latérale"
"Sidebar Text Colour","Couleur du texte de la barre latérale"
"Standard 2 of 5 + CHECKSUM","Standard 2 of 5 + SOMME DE CONTRÔLE"
"Subset Font","Sous-ensemble de police"
"Subtotal (Excl.)","Sous-total (HT)"
"Subtotal with FPT","Sous-total avec DEEE"
"System Font - Chinese Simplified","Police système - chinois simplifié"
"System Font - Chinese Traditional","Police système - chinois traditionnel"
"System Font - Japanese","Police système - japonais"
"System Font - Korean","Police système - coréen"
"THSarabunPSK (Thai)","THSarabunPSK (thaï)"
"Tax Percentage","Pourcentage de taxe"
"This functionality requires the <a href=""%1"" target=""_blank"">Print Order Pdf</a> extension.","Cette fonctionnalité nécessite l’extension <a href=""%1"" target=""_blank"">Print Order Pdf</a>."
"Totals Sort Order","Ordre de tri des totaux"
"WEEE","DEEE"
