"Contact us","Contactez-nous"
"Define the Systempay information about all shipping methods.<br /><b>Method title: </b>The label of the shipping method.<br /><b>Type: </b>The delivery type of shipping method.<br /><b>Rapidity: </b>Select the delivery rapidity.<br /><b>Delay: </b>Select the delivery delay if rapidity is &laquo; Priority &raquo;.<br /><b>Entries marked with * are newly added and must be configured.</b>","Définissez les informations Systempay de tous les modes d’expédition.<br /><b>Nom du mode : </b>le libellé du mode d’expédition.<br /><b>Type : </b>le type d’expédition du mode d’expédition.<br /><b>Rapidité : </b>sélectionnez la rapidité d’expédition.<br /><b>Délai : </b>sélectionnez le délai d’expédition si la rapidité est &laquo; Prioritaire &raquo;.<br /><b>Les entrées marquées d’un * sont nouvelles et doivent être configurées.</b>"
"Dutch","Néerlandais"
"German","Allemand"
"Japanese","Japonais"
"Payment by credit card","Paiement par carte bancaire"
"Polish","Polonais"
"Portuguese","Portugais"
"Registration always on","Enregistrement toujours activé"
"Registration off by default","Enregistrement désactivé par défaut"
"Registration on by default","Enregistrement activé par défaut"
"Russian","Russe"
"Spanish","Espagnol"
"Swedish","Suédois"
"Turkish","Turc"
"You will pay with your stored means of payment %s.","Vous allez payer avec votre moyen de paiement enregistré %s."
