"About Guest to Customer","À propos de Guest to Customer"
"About MagePal Custom Shipping Rate","À propos de MagePal Custom Shipping Rate"
"Add exiting order to my account","Ajouter une commande existante à mon compte"
"Admin Sort","Ordre de tri (admin)"
"Automatically add order to customer","Rattacher automatiquement la commande au client"
"Automatically add order to existing customer with same email address.","Rattacher automatiquement la commande au client existant ayant la même adresse e-mail."
"Automatically update customer record email address","Mettre à jour automatiquement l’adresse e-mail de la fiche client"
"CUSTOM SHIPPING RATE","FRAIS D’EXPÉDITION PERSONNALISÉS"
"Carrier/Rate:","Transporteur / tarif :"
"Composer Version","Version Composer"
"Convert to Customer","Convertir en client"
"Copy customer attributes to order (if customer already exists)","Copier les attributs du client vers la commande (si le client existe déjà)"
"Custom Shipping Rate","Frais d’expédition personnalisés"
"Customer with email address already exists","Un client avec cette adresse e-mail existe déjà"
"Date Of Birth","Date de naissance"
"Edit Order Email","Modifier l’e-mail de la commande"
"Email address already belong to an existing customer.","Cette adresse e-mail appartient déjà à un client existant."
"Email address successfully changed.","Adresse e-mail modifiée avec succès."
"Enable on Frontend (customer dashboard)","Activer sur le site (tableau de bord client)"
"Enabled for Admin Checkout, is checked against quote store","Activé pour la commande depuis l’admin, vérifié selon le magasin du panier"
"Enabled for Frontend Checkout","Activé pour la commande sur le site"
"Enter email address","Saisissez l’adresse e-mail"
"Get the latest updates","Recevoir les dernières mises à jour"
"Guest Order Information","Informations sur la commande invité"
"Guest order converted by admin user: %s","Commande invité convertie par l’administrateur : %s"
"Guest order converted by customer: %s","Commande invité convertie par le client : %s"
"Guest to Customer","Invité vers client"
"Guest to Customer Setting","Paramètres Invité vers client"
"Invalid Email address.","Adresse e-mail invalide."
"Invalid order id.","Identifiant de commande invalide."
"List of locations where customer can pick up ordered item.","Liste des points de retrait où le client peut récupérer les articles commandés."
"Merge Customer Details","Fusionner les informations client"
"Module Version","Version du module"
"Note: This will override any shipping method selected above.","Remarque : ceci remplace tout mode d’expédition sélectionné ci-dessus."
"Notifications & Updates","Notifications et mises à jour"
"Order Number","Numéro de commande"
"Order email address change from %s to %s by %s","Adresse e-mail de la commande modifiée de %s à %s par %s"
"Order was successfully added to your account","La commande a bien été ajoutée à votre compte"
"Order was successfully converted.","La commande a bien été convertie."
"Please enter the new email address","Veuillez saisir la nouvelle adresse e-mail"
"Setting","Paramètre"
"Show Badge Notification","Afficher le badge de notification"
"Store > Configuration > Shipping Methods > Custom Shipping Rate","Magasins > Configuration > Modes d’expédition > Frais d’expédition personnalisés"
"Tax VAT","Numéro de TVA"
"Unknown Error","Erreur inconnue"
"Unknown error please try again.","Erreur inconnue, veuillez réessayer."
"Update Customer Record","Mettre à jour la fiche client"
"Updates","Mises à jour"
"We are unable to find your order number, please try again.","Nous ne trouvons pas votre numéro de commande, veuillez réessayer."
"We can't find the order.","Nous ne trouvons pas la commande."
