" Reason: ""%1"""," Motif : « %1 »"
"A new account from %store_name has been registered.","Un nouveau compte a été enregistré sur %store_name."
"A new account has just been registered with the following details:","Un nouveau compte vient d’être enregistré avec les détails suivants :"
"Admin Notification Email","E-mail de notification admin"
"After-registration Notification","Notification après inscription"
"Also send notification into user’s mail box","Envoyer également une notification dans la boîte mail de l’utilisateur"
"Approval Status","Statut d’approbation"
"Approval Status:","Statut d’approbation :"
"Approve Notification","Notification d’approbation"
"Auto Approve","Approbation automatique"
"Auto Approve via Email Domain","Approbation automatique par domaine e-mail"
"Auto Approve via IP Address","Approbation automatique par adresse IP"
"Auto Reject By Email Domain","Rejet automatique par domaine e-mail"
"Auto Reject By IP Address","Rejet automatique par adresse IP"
"Command","Commande"
"Congratulations! Your account has been <strong>approved</strong>","Félicitations ! Votre compte a été <strong>approuvé</strong>"
"Created From","Créé depuis"
"Customer Approval","Approbation des clients"
"Customer Notification Email","E-mail de notification client"
"Customer account has been approved!","Le compte client a été approuvé !"
"Customer account has not been approved!","Le compte client n’a pas été approuvé !"
"Customer does not exist.","Le client n’existe pas."
"Enable Quick Flush Cache","Activer le vidage rapide du cache"
"Enable Quick Reindex","Activer la réindexation rapide"
"Enable this condition by entering IP addresses. Only registrations from the imported addresses will now be automatically approved. All registrations from other addresses will need to wait for approval. Separated by line breaks.<br>
                    For example: <br> 20.110.185.195 <br> FEDC:BA98:768A:0C98:FEBA:CB87:7678:1111","Activez cette condition en saisissant des adresses IP. Seules les inscriptions provenant des adresses importées seront désormais approuvées automatiquement. Toutes les autres inscriptions devront attendre une approbation. Séparez par des sauts de ligne.<br>
                    Par exemple : <br> 20.110.185.195 <br> FEDC:BA98:768A:0C98:FEBA:CB87:7678:1111"
"Enable this condition by entering email domains. Only registrations from the imported domains will now be automatically approved. All registrations from other domains will need to wait for approval. Separated by line breaks.<br>
                    For example: <br> gmail.com <br> yahoo.com","Activez cette condition en saisissant des domaines e-mail. Seules les inscriptions provenant des domaines importés seront désormais approuvées automatiquement. Toutes les autres inscriptions devront attendre une approbation. Séparez par des sauts de ligne.<br>
                    Par exemple : <br> gmail.com <br> yahoo.com"
"Enter IP addresses that need to be automatically rejected when registering. Separated by line breaks.<br>
                    For example: <br> 20.110.185.195 <br> FEDC:BA98:768A:0C98:FEBA:CB87:7678:1111","Saisissez les adresses IP devant être automatiquement rejetées lors de l’inscription. Séparez par des sauts de ligne.<br>
                    Par exemple : <br> 20.110.185.195 <br> FEDC:BA98:768A:0C98:FEBA:CB87:7678:1111"
"Enter email domains that need to be automatically rejected when registering. Separated by line breaks.<br>
                    For example: <br> gmail.com <br> yahoo.com","Saisissez les domaines e-mail devant être automatiquement rejetés lors de l’inscription. Séparez par des sauts de ligne.<br>
                    Par exemple : <br> gmail.com <br> yahoo.com"
"Flush Now!","Vider maintenant !"
"From now on, you can surf our website to explore a lot of interesting things with your account information as below:","Désormais, vous pouvez parcourir notre site pour découvrir de nombreuses choses intéressantes grâce aux informations de votre compte ci-dessous :"
"Hi","Bonjour"
"If yes, customers will be approved when registering from the frontend","Si activé, les clients seront approuvés automatiquement lors de leur inscription depuis le site"
"If ‘Yes’, when manually rejecting a customer registration, a popup for rejection reason will appear (Only for Manual Approve).","Si « Oui », lors du rejet manuel d’une inscription client, une fenêtre pour saisir le motif de rejet apparaîtra (uniquement pour l’approbation manuelle)."
"Invalid IP address format.","Format d’adresse IP invalide."
"Invalid domain email format.","Format de domaine e-mail invalide."
"Module is not enabled for the website of this customer","Le module n’est pas activé pour le site web de ce client"
"Name:","Nom :"
"Please contact us for more information.","Veuillez nous contacter pour plus d’informations."
"Please contact us if you have any questions.","N’hésitez pas à nous contacter pour toute question."
"Please go to Customer Management section to confirm the approval for this account.","Veuillez vous rendre dans la section Gestion des clients pour confirmer l’approbation de ce compte."
"Quick Flush Cache","Vidage rapide du cache"
"Reason for rejecting registration (Optional):","Motif du rejet de l’inscription (facultatif) :"
"Recipient(s)","Destinataire(s)"
"Redirect CMS Page","Page CMS de redirection"
"Redirect Page","Page de redirection"
"Reindex Now!","Réindexer maintenant !"
"Reject","Rejeter"
"Reject Customer Login","Rejeter la connexion client"
"Reject Notification","Notification de rejet"
"Reject Reason","Motif de rejet"
"Rejection form","Formulaire de rejet"
"Select <b>Yes</b> to enable this module.<br />
                        1. It helps to reduce abandonment cart with <a href=""https://www.mageplaza.com/magento-2-one-step-checkout-extension/"" target=""_blank"">One Step Checkout</a>. <br />
                        2. Magento stores see upwards of 30% revenue 💰 with AVADA. <a href=""https://go.avada.io/mageplaza"">Learn more</a>","Sélectionnez <b>Oui</b> pour activer ce module.<br />
                        1. Cela aide à réduire l’abandon de panier avec <a href=""https://www.mageplaza.com/magento-2-one-step-checkout-extension/"" target=""_blank"">One Step Checkout</a>. <br />
                        2. Les boutiques Magento constatent jusqu’à 30% de revenus 💰 en plus avec AVADA. <a href=""https://go.avada.io/mageplaza"">En savoir plus</a>"
"Separated by commas (,)","Séparés par des virgules (,)"
"Show Error","Afficher l’erreur"
"Successful Register","Inscription réussie"
"Thank you for registering your account at our website. Unfortunately, we <strong>cannot accept</strong> your account.","Merci d’avoir créé un compte sur notre site. Malheureusement, nous ne <strong>pouvons pas accepter</strong> votre compte."
"The Magento cache storage has been automatically flushed.","Le cache Magento a été vidé automatiquement."
"The module has been disabled.","Le module a été désactivé."
"The one you set when you registered your account","Celui que vous avez défini lors de la création de votre compte"
"This action is activated when customers use the disapproved accounts and try to log in.","Cette action se déclenche lorsque des clients avec un compte non approuvé tentent de se connecter."
"This notification is displayed when account is successfully registered","Cette notification s’affiche lorsque le compte est enregistré avec succès"
"To avoid sending to spam box, you should install Mageplaza SMTP Extension.","Pour éviter que les e-mails n’arrivent dans les spams, vous devriez installer l’extension Mageplaza SMTP."
"With automatic mode, the cache is flushed automatically right when the page is reloaded<br>With manual mode, the cache is flushed manually when admin clicks on Flush Now button","En mode automatique, le cache est vidé au rechargement de la page.<br>En mode manuel, il n’est vidé que sur clic du bouton « Vider maintenant »."
"Yes (Automatic)","Oui (automatique)"
"Yes (Manual)","Oui (manuel)"
"You have reindexed successfully.","La réindexation s’est terminée avec succès."
"Your account has been set in pending status. However, the account need the <strong>approval</strong> before login. We hope for your kind waiting.","Votre compte a été placé en statut d’attente. Cependant, le compte nécessite une <strong>approbation</strong> avant de pouvoir se connecter. Merci de votre patience."
"Your account on %store_name has been approved","Votre compte sur %store_name a été approuvé"
"Your account on %store_name has been created successful.","Votre compte sur %store_name a été créé avec succès."
"Your account on %store_name has not been approved.","Votre compte sur %store_name n’a pas été approuvé."
