"A total of %1 FAQ Group(s) were deleted.","%1 groupe(s) de FAQ supprimé(s) au total."
"A total of %1 FAQ(s) were deleted.","%1 FAQ supprimée(s) au total."
"Add New FAQ","Ajouter une FAQ"
"Add New FAQ Group","Ajouter un groupe de FAQ"
"Are you sure you wan't to delete selected Faq(s)?","Voulez-vous vraiment supprimer les FAQ sélectionnées ?"
"Are you sure you wan't to delete selected FaqGroup(s)?","Voulez-vous vraiment supprimer les groupes de FAQ sélectionnés ?"
"Code for CMS Page and Static block","Code pour les pages CMS et les blocs statiques"
"Could not delete the Faq: %1","Impossible de supprimer la FAQ : %1"
"Could not delete the FaqGroup: %1","Impossible de supprimer le groupe de FAQ : %1"
"Could not save the faq: %1","Impossible d’enregistrer la FAQ : %1"
"Could not save the faqGroup: %1","Impossible d’enregistrer le groupe de FAQ : %1"
"Delete FAQ","Supprimer la FAQ"
"Delete FAQ group","Supprimer le groupe de FAQ"
"Delete Faq Group(s)","Supprimer le(s) groupe(s) de FAQ"
"Delete Faq(s)","Supprimer la/les FAQ"
"Enable Collapse All Expand All","Activer « Tout replier / Tout déplier »"
"FAQ Group","Groupe de FAQ"
"FAQ Menu","Menu FAQ"
"FAQ Url","URL de la FAQ"
"Faq with id ""%1"" does not exist.","La FAQ d’identifiant « %1 » n’existe pas."
"FaqGroup with id ""%1"" does not exist.","Le groupe de FAQ d’identifiant « %1 » n’existe pas."
"Group Image/Icon","Image / icône du groupe"
"Icon","Icône"
"Mageprince Extensions","Extensions Mageprince"
"Mageprince FAQ","FAQ Mageprince"
"Manage FAQ","Gérer les FAQ"
"Manage FAQ Group","Gérer les groupes de FAQ"
"New FAQ","Nouvelle FAQ"
"New Faq Group","Nouveau groupe de FAQ"
"No FAQ Group available","Aucun groupe de FAQ disponible"
"Page Type","Type de page"
"Save FAQ","Enregistrer la FAQ"
"Save FAQ Group","Enregistrer le groupe de FAQ"
"Select Faq Group","Sélectionner un groupe de FAQ"
"Show Footer Link","Afficher le lien dans le pied de page"
"Show Group Icon","Afficher l’icône du groupe"
"Show Group Title","Afficher le titre du groupe"
"Show Header Link","Afficher le lien dans l’en-tête"
"Show group","Afficher le groupe"
"Show group title","Afficher le titre du groupe"
"Something went wrong while saving the FAQ.","Une erreur est survenue lors de l’enregistrement de la FAQ."
"Something went wrong while saving the Faqgroup.","Une erreur est survenue lors de l’enregistrement du groupe de FAQ."
"SortOrder","Ordre de tri"
"This FAQ Group no longer exists.","Ce groupe de FAQ n’existe plus."
"This FAQ no longer exists.","Cette FAQ n’existe plus."
"This Faq Group no longer exists.","Ce groupe de FAQ n’existe plus."
"Use widget ""Mageprince FAQ"" or use below code to show FAQ on CMS or Static Blocks","Utilisez le widget « Mageprince FAQ » ou le code ci-dessous pour afficher la FAQ dans les pages CMS ou les blocs statiques"
"We can't find a Faq Group to delete.","Nous ne trouvons pas de groupe de FAQ à supprimer."
"We can't find a Faq to delete.","Nous ne trouvons pas de FAQ à supprimer."
"You deleted the Faq Group.","Vous avez supprimé le groupe de FAQ."
"You deleted the Faq.","Vous avez supprimé la FAQ."
"You saved the FAQ Group.","Vous avez enregistré le groupe de FAQ."
"You saved the FAQ.","Vous avez enregistré la FAQ."
"loader","Chargement"
