"0 to 100","0 à 100"
"1 column Full Width","1 colonne pleine largeur"
"3D Shadow","Ombre 3D"
"<a href=""%1"" target=""_blank"">How to copy page contents between pages/ domains</a>","<a href=""%1"" target=""_blank"">Comment copier le contenu d’une page vers d’autres pages ou domaines</a>"
"<p>Configure Google Map API key at <a href=""%1"" target=""_blank"">here</a></p>","<p>Configurez la clé d’API Google Maps <a href=""%1"" target=""_blank"">ici</a></p>"
"<span class=""mgz-logo"">Magezon Extensions</span>","<span class=""mgz-logo"">Extensions Magezon</span>"
"Above Bar","Au-dessus de la barre"
"Accessibility Icons","Icônes d’accessibilité"
"Action Type","Type d’action"
"Active Icon","Icône active"
"Active Magezon Page Builder","Activer Magezon Page Builder"
"Active Sections","Sections actives"
"Active Slider","Diapositive active"
"Active Tab","Onglet actif"
"Active Tab when Hover","Onglet actif au survol"
"Adapt to plugin container width","S’adapter à la largeur du conteneur du plugin"
"Add Button Icon","Ajouter une icône au bouton"
"Add Element","Ajouter un élément"
"Add Icon","Ajouter une icône"
"Add Stripes","Ajouter des rayures"
"Add a comma-separated list of hashtags to a Tweet using the hashtags parameter.","Ajoutez une liste de hashtags séparés par des virgules à un tweet avec le paramètre hashtags."
"Add hashtag to a Tweet using the hashtags parameter","Ajoutez un hashtag à un tweet avec le paramètre hashtags"
"Add nofollow option to link","Ajouter l’option nofollow au lien"
"Add parameters to link. Eg: utm_source=news4&utm_medium=email&utm_campaign=spring-summer","Ajoutez des paramètres au lien. Ex. : utm_source=news4&utm_medium=email&utm_campaign=spring-summer"
"Adjust column for different screen sizes. Control width, offset and visibility settings.","Adaptez la colonne aux différentes tailles d’écran. Réglez la largeur, le décalage et la visibilité."
"Admin Payment Method","Mode de paiement admin"
"After Text Color","Couleur du texte après"
"After Text Size","Taille du texte après"
"Allow Collapse All","Autoriser à tout replier"
"Allow collapse multiple sections.","Autoriser à replier plusieurs sections."
"Allows Fullscreen","Autoriser le plein écran"
"Alphabetically","Par ordre alphabétique"
"Animation Delay(s)","Délai d’animation (s)"
"Animation Duration (ms)","Durée d’animation (ms)"
"Animation Duration (s)","Durée d’animation (s)"
"Animation In","Animation d’entrée"
"Animation Infinite","Animation infinie"
"Animation Out","Animation de sortie"
"Animation Speed(seconds)","Vitesse d’animation (secondes)"
"Arabic","Arabe"
"Arrows","Flèches"
"At Least Once Open","Au moins un ouvert"
"Auto Height","Hauteur automatique"
"Auto Play","Lecture automatique"
"Auto Play Speed","Vitesse de lecture automatique"
"Auto Play Timeout","Délai de lecture automatique"
"Background Style","Style d’arrière-plan"
"Bar Background Color","Couleur de fond de la barre"
"Bar Border Radius","Rayon des bordures de la barre"
"Bar Color","Couleur de la barre"
"Bar Height","Hauteur de la barre"
"Bars","Barres"
"Bars Counter","Compteur à barres"
"Before Text Color","Couleur du texte avant"
"Before Text Size","Taille du texte avant"
"Below","En dessous"
"Below Bar","Sous la barre"
"Best Sellers","Meilleures ventes"
"Block Name","Nom du bloc"
"Border Bottom Width","Épaisseur de la bordure basse"
"Border Hover Color","Couleur de la bordure au survol"
"Border Left Width","Épaisseur de la bordure gauche"
"Border Radius Bottom Left","Rayon de la bordure en bas à gauche"
"Border Radius Bottom Right","Rayon de la bordure en bas à droite"
"Border Radius Top Left","Rayon de la bordure en haut à gauche"
"Border Right Width","Épaisseur de la bordure droite"
"Border Style","Style de bordure"
"Border Top Radius Right","Rayon de la bordure en haut à droite"
"Border Top Width","Épaisseur de la bordure haute"
"Border Zoom","Zoom de la bordure"
"Bottom Split","Partage en bas"
"Box","Boîte"
"Box Background Color","Couleur de fond de la boîte"
"Box Border Radius","Rayon des bordures de la boîte"
"Box Border Width","Épaisseur de la bordure de la boîte"
"Box Color","Couleur de la boîte"
"Box Link","Lien de la boîte"
"Box Min Height","Hauteur min. de la boîte"
"BoxShadow Color","Couleur de l’ombre de la boîte"
"Brand Icons","Icônes de marques"
"Button Colors","Couleurs du bouton"
"Button Design","Design du bouton"
"Button Large","Grand bouton"
"Button Position","Position du bouton"
"Button Round","Bouton arrondi"
"Button Size","Taille du bouton"
"Button Spacing","Espacement des boutons"
"Button1","Bouton 1"
"Button2","Bouton 2"
"CSS Animation","Animation CSS"
"Call to Action","Appel à l’action"
"Caption","Légende"
"Caption1","Légende 1"
"Caption2","Légende 2"
"Captions","Légendes"
"Captions visibility","Visibilité des légendes"
"Carousel Options","Options du carrousel"
"Center Bottom","Centre bas"
"Center Center","Centre centre"
"Center Split","Partage au centre"
"Center Top","Centre haut"
"Changed","Modifié"
"Character Limit","Limite de caractères"
"Chart Icons","Icônes de graphiques"
"Check more details at <a href=""%1"" target=""_blank"">here</a>","Plus de détails <a href=""%1"" target=""_blank"">ici</a>"
"Chinese (Simplified)","Chinois (simplifié)"
"Chinese (Traditional)","Chinois (traditionnel)"
"Choose which template load for this location.","Choisissez le modèle à charger pour cet emplacement."
"Circle Background Color","Couleur de fond du cercle"
"Circle Boder Width","Épaisseur de la bordure du cercle"
"Circle Border Color","Couleur de la bordure du cercle"
"Circle Color1","Couleur 1 du cercle"
"Circle Color2","Couleur 2 du cercle"
"Circle Counter","Compteur circulaire"
"Circle Size","Taille du cercle"
"Circle Stroke Size","Épaisseur du trait du cercle"
"Clear Layout","Effacer la mise en page"
"Cleared Layout","Mise en page effacée"
"Click","Cliquez"
"Clipboard","Presse-papiers"
"Colon","Deux-points"
"Column Equal Height","Colonnes de même hauteur"
"Columns Gap","Espacement des colonnes"
"Compare Link","Lien du comparateur"
"Content Alignment","Alignement du contenu"
"Content Background","Fond du contenu"
"Content Background Color","Couleur de fond du contenu"
"Content Color","Couleur du contenu"
"Content Colors","Couleurs du contenu"
"Content Font Size","Taille de police du contenu"
"Content Font Weight","Graisse de police du contenu"
"Content Fullwidth","Contenu pleine largeur"
"Content Hover Animation","Animation du contenu au survol"
"Content Min Height","Hauteur min. du contenu"
"Content Padding","Marge intérieure du contenu"
"Content Position","Position du contenu"
"Content Slider","Carrousel de contenu"
"Content Width","Largeur du contenu"
"Content Wrapper Width","Largeur du conteneur du contenu"
"Controls Color","Couleur des contrôles"
"Count Down","Compte à rebours"
"Countdown","Compte à rebours"
"Currency Icons","Icônes de devises"
"Current Version","Version actuelle"
"Custom Classes","Classes personnalisées"
"Custom Link","Lien personnalisé"
"Custom Play Icon","Icône de lecture personnalisée"
"Custom link","Lien personnalisé"
"Czech","Tchèque"
"Danish","Danois"
"Data Source","Source de données"
"Deactivate Magezon Page Builder","Désactiver Magezon Page Builder"
"Default state","État par défaut"
"Default value from width attribute","Valeur par défaut issue de l’attribut width"
"Delay(seconds)","Délai (secondes)"
"Description Color","Couleur de la description"
"Description Font Size","Taille de police de la description"
"Description Font Weight","Graisse de police de la description"
"Description Spacing","Espacement de la description"
"Design Options","Options de design"
"Device","Appareil"
"Device type","Type d’appareil"
"Directional Icons","Icônes directionnelles"
"Disable Element","Désactiver l’élément"
"Disable Google Map user interface elements","Désactiver les éléments d’interface de Google Maps"
"Disable UI","Désactiver l’interface"
"Display ""comments""","Afficher les « commentaires »"
"Display ""likes""","Afficher les « j’aime »"
"Display Content on Hover","Afficher le contenu au survol"
"Display Style","Style d’affichage"
"Display as link","Afficher en tant que lien"
"Display multiple buttons in same row","Afficher plusieurs boutons sur la même ligne"
"Do not fill content area?","Ne pas remplir la zone de contenu ?"
"Do you like to display a larger Tweet button?","Voulez-vous afficher un bouton Tweet plus grand ?"
"Do you want to display the follower count in button?","Voulez-vous afficher le nombre d’abonnés dans le bouton ?"
"Dot","Point"
"Dots Inside","Points à l’intérieur"
"Dots Navigation","Navigation par points"
"Dots Speed","Vitesse des points"
"Down","Bas"
"Editing Started","Édition commencée"
"Element","Élément"
"Element Auto Width","Largeur automatique de l’élément"
"Element Class Attribute","Attribut class de l’élément"
"Element ID","ID de l’élément"
"Element Inner Class Attribute","Attribut class interne de l’élément"
"Element name %1 not exist","L’élément nommé %1 n’existe pas"
"Element width","Largeur de l’élément"
"Empty Space","Espace vide"
"Enable Button","Activer le bouton"
"Enable Magezon Page Builder","Activer Magezon Page Builder"
"Enable Template","Activer le modèle"
"Enable Zoom Effect","Activer l’effet de zoom"
"Enable for Blocks","Activer pour les blocs"
"Enable for CMS Pages","Activer pour les pages CMS"
"Enable for Categories","Activer pour les catégories"
"Enable for Products","Activer pour les produits"
"Enable on Mobile Devices","Activer sur les appareils mobiles"
"Enables keyboard navigation.","Active la navigation au clavier."
"Enables slideshow. Turn it on with true or any interval in milliseconds","Active le diaporama. Activez-le avec true ou un intervalle en millisecondes"
"Enables trackpad support and horizontal mouse wheel as well.","Active aussi la prise en charge du pavé tactile et de la molette horizontale."
"End time in seconds when video will be ended.","Temps de fin en secondes auquel la vidéo s’arrêtera."
"Enter active item number. Leave empty or enter non-existing number to close all tabs on page load.","Saisissez le numéro de l’élément actif. Laissez vide ou saisissez un numéro inexistant pour fermer tous les onglets au chargement de la page."
"Enter active sections number. Comma-separated. Leave empty or enter non-existing number to close all sections on page load.","Saisissez les numéros des sections actives, séparés par des virgules. Laissez vide ou saisissez un numéro inexistant pour fermer toutes les sections au chargement de la page."
"Enter active tab number. Leave empty or enter non-existing number to close all tabs on page load.","Saisissez le numéro de l’onglet actif. Laissez vide ou saisissez un numéro inexistant pour fermer tous les onglets au chargement de la page."
"Enter custom CSS (Note: it will be outputted only on this particular page). <a href=""%1"" target=""_blank"">How to add custom css</a>","Saisissez du CSS personnalisé (remarque : il ne sera appliqué qu’à cette page). <a href=""%1"" target=""_blank"">Comment ajouter du CSS personnalisé</a>"
"Enter custom page url which you like to share on twitter?","Saisissez l’URL de la page à partager sur Twitter."
"Enter custom text for the tweet.","Saisissez le texte personnalisé du tweet."
"Enter element ID (Note: make sure it is unique and valid according to <a href=""http://www.w3schools.com/tags/att_global_id.asp"" target=""_blank"">w3c specification</a>)","Saisissez l’ID de l’élément (remarque : il doit être unique et valide selon la <a href=""http://www.w3schools.com/tags/att_global_id.asp"" target=""_blank"">spécification du W3C</a>)"
"Enter gap between columns in pixels.","Saisissez l’espacement entre les colonnes en pixels."
"Enter the Twitter username to be recommended.","Saisissez le nom d’utilisateur Twitter à recommander."
"Enter the text to be used as a tweet?","Saisissez le texte à utiliser pour le tweet."
"Enter username to be recommended.","Saisissez le nom d’utilisateur à recommander."
"Enter username to follow.","Saisissez le nom d’utilisateur à suivre."
"Enter username to recommend.","Saisissez le nom d’utilisateur à recommander."
"Enter username where you want to send your tweet.","Saisissez le nom d’utilisateur auquel envoyer votre tweet."
"Enter your HTML content.","Saisissez votre contenu HTML."
"Enter your JavaScript code.","Saisissez votre code JavaScript."
"Enter your Twitter username.","Saisissez votre nom d’utilisateur Twitter."
"Equal Height","Même hauteur"
"Example: https://www.youtube.com/watch?v=lMJXxhRFO1k","Exemple : https://www.youtube.com/watch?v=lMJXxhRFO1k"
"Exclude for Namespaces","Exclure pour les espaces de noms"
"External Link","Lien externe"
"External link","Lien externe"
"Extra Large","Très grand"
"Extra Params","Paramètres supplémentaires"
"Facebook Comments","Commentaires Facebook"
"Facebook Like","J’aime Facebook"
"Facebook Page","Page Facebook"
"Facebook Page URL","URL de la page Facebook"
"Featured","Mis en avant"
"File Type Icons","Icônes de types de fichiers"
"Filipino","Philippin"
"Filled Color","Couleur de remplissage"
"Find latitude & longitude <a href=""%1"">here</a>","Trouvez la latitude et la longitude <a href=""%1"">ici</a>"
"Find out more details about Responsiveness Control <a href=""%1"" target=""_blank"">here</a>","Plus de détails sur le contrôle du responsive <a href=""%1"" target=""_blank"">ici</a>"
"Finnish","Finnois"
"Fit","Ajuster"
"Flashed","Flash"
"Flashed Zoom","Zoom flash"
"Flickr API Key","Clé d’API Flickr"
"Flickr Album ID","ID de l’album Flickr"
"Flickr Widget","Widget Flickr"
"Flip Box","Boîte retournable"
"Flip Direction","Sens du retournement"
"Flip Duration","Durée du retournement"
"Flip Effect","Effet de retournement"
"Follow","Suivre"
"Follow @%1","Suivre @%1"
"Follow Button","Bouton Suivre"
"Follow on %1","Suivre sur %1"
"Font Size","Taille de police"
"Font Weight","Graisse de police"
"For example, if your number is 10%, your suffix would be ""%"".","Par exemple, si votre nombre est 10%, votre suffixe sera « % »."
"For example, if your number is US$ 10, your prefix would be ""US$ "".","Par exemple, si votre nombre est US$ 10, votre préfixe sera « US$ »."
"Fotorama Options","Options Fotorama"
"Free","Libre"
"Full Height Row","Ligne pleine hauteur"
"Full Image","Image complète"
"Full Slide","Diapositive complète"
"Full Width Row","Ligne pleine largeur"
"Full Width Row and Content","Ligne et contenu pleine largeur"
"Full Width Row and Content (no paddings)","Ligne et contenu pleine largeur (sans marges intérieures)"
"Full width","Pleine largeur"
"Gallery Type","Type de galerie"
"Gap","Espacement"
"Gap Type","Type d’espacement"
"Gap pixel between grid elements.","Espacement en pixels entre les éléments de la grille."
"Gender Icons","Icônes de genre"
"Generate Block","Générer le bloc"
"Gradient","Dégradé"
"Gradient Color 1","Couleur 1 du dégradé"
"Gradient Color 2","Couleur 2 du dégradé"
"Greek","Grec"
"Grid Options","Options de grille"
"Hand Icons","Icônes de mains"
"Hash","Dièse"
"Heading ","Titre "
"Heading Color","Couleur du titre"
"Heading Font Size","Taille de police du titre"
"Hebrew","Hébreu"
"Height on Mobile Landscape(< 768px)","Hauteur sur mobile paysage (< 768px)"
"Height on Mobile Portrait(< 576px)","Hauteur sur mobile portrait (< 576px)"
"Height on Tablet Landscape(< 1200px)","Hauteur sur tablette paysage (< 1200px)"
"Height on Tablet Portrait(< 992px)","Hauteur sur tablette portrait (< 992px)"
"Hide Cover Photo","Masquer la photo de couverture"
"Hide Empty Section","Masquer la section vide"
"Hide Empty Tab","Masquer l’onglet vide"
"Hide on","Masquer sur"
"Hide on Page Load","Masquer au chargement de la page"
"Hide the cover photo in the header","Masquer la photo de couverture dans l’en-tête"
"Horizontal margins for frames in pixels.","Marges horizontales des cadres, en pixels."
"Hover","Survol"
"Hover Alignment","Alignement au survol"
"Hover Block","Bloc au survol"
"Hover Border Color","Couleur de la bordure au survol"
"Hover Effect","Effet au survol"
"Hover Image","Image au survol"
"Hover Overlay Color","Couleur de superposition au survol"
"Hover Text","Texte au survol"
"Hover Text Color","Couleur du texte au survol"
"Hover Title","Titre au survol"
"How to fit an image into a fotorama","Comment ajuster une image dans un Fotorama"
"Hungarian","Hongrois"
"Hybrid","Hybride"
"I am message box. Click edit button to change this text.","Je suis une boîte de message. Cliquez sur le bouton Modifier pour changer ce texte."
"Icon & Text Design","Design de l’icône et du texte"
"Icon Background Color","Couleur de fond de l’icône"
"Icon Box","Boîte d’icône"
"Icon Button","Bouton d’icône"
"Icon Button Position","Position du bouton d’icône"
"Icon Colors","Couleurs de l’icône"
"Icon Design","Design de l’icône"
"Icon Library","Bibliothèque d’icônes"
"Icon List","Liste d’icônes"
"Icon Position","Position de l’icône"
"Icon Radius","Rayon de l’icône"
"Icon Size","Taille de l’icône"
"Icon Spacing","Espacement de l’icône"
"Icon Spin","Rotation de l’icône"
"Icon Style","Style de l’icône"
"If false, disable scrollwheel zooming on the map","Si false, désactive le zoom à la molette sur la carte"
"If false, prevent the map from being dragged.","Si false, empêche de faire glisser la carte."
"If review text exceeds the character limit, View more link will be added.","Si le texte de l’avis dépasse la limite de caractères, un lien « Voir plus » est ajouté."
"Image Border Radius","Rayon des bordures de l’image"
"Image Carousel","Carrousel d’images"
"Image Hover Animation","Animation de l’image au survol"
"Image Hover Effect","Effet de l’image au survol"
"Image ID","ID de l’image"
"Image Link","Lien de l’image"
"Image Min Height","Hauteur min. de l’image"
"Image Min Width","Largeur min. de l’image"
"Image Source","Source de l’image"
"Image Style","Style de l’image"
"Imported Template","Modèle importé"
"Include Share Button","Inclure le bouton Partager"
"Includes a Share button beside the Like button","Ajoute un bouton Partager à côté du bouton J’aime"
"Index or id of the frame that will be shown upon initialization of the fotorama.","Index ou ID du cadre affiché à l’initialisation du Fotorama."
"Indonesian","Indonésien"
"InforBox Background Color","Couleur de fond de l’infobulle"
"InforBox Opened by Default","Infobulle ouverte par défaut"
"InforBox Text Color","Couleur du texte de l’infobulle"
"InforBox Width","Largeur de l’infobulle"
"Informational","Informatif"
"Infowindow","Fenêtre d’information"
"Inherit","Hériter"
"Inline CSS","CSS en ligne"
"Input Background Color","Couleur de fond du champ"
"Input Google API key","Saisissez la clé d’API Google"
"Input Text Color","Couleur du texte du champ"
"Insert Image","Insérer une image"
"Insert/edit link","Insérer / modifier le lien"
"Inserted After","Inséré après"
"Inserted Before","Inséré avant"
"Inside","Intérieur"
"Inside Bar","Dans la barre"
"Instagram Options","Options Instagram"
"Instagram Username","Nom d’utilisateur Instagram"
"Intro Byline","Signature d’introduction"
"Intro Portrait","Portrait d’introduction"
"Intro Title","Titre d’introduction"
"Is Featured","Mis en avant"
"Items per page","Éléments par page"
"JavaScript Code","Code JavaScript"
"Job","Poste"
"Job Color","Couleur du poste"
"Job Font Size","Taille de police du poste"
"Job Font Weight","Graisse de police du poste"
"Keyboard","Clavier"
"Korean","Coréen"
"Label Background Color","Couleur de fond de l’étiquette"
"Label Color","Couleur de l’étiquette"
"Label Distance","Distance de l’étiquette"
"Label Font Size","Taille de police de l’étiquette"
"Label Font Weight","Graisse de police de l’étiquette"
"Landscape Phone(<768px)","Mobile paysage (<768px)"
"Landscape Phone(>=768px)","Mobile paysage (>=768px)"
"Large Square(150x150)","Grand carré (150x150)"
"Large(1024x768)","Grand (1024x768)"
"Lazyload","Chargement différé"
"Leave empty to like the current page url","Laissez vide pour aimer l’URL de la page actuelle"
"Left Bottom","Gauche bas"
"Left Center","Gauche centre"
"Left Top","Gauche haut"
"Lift Up","Soulèvement"
"Lightbox Width","Largeur de la lightbox"
"Line","Ligne"
"Line Height","Hauteur de ligne"
"Line Position","Position de la ligne"
"Line Style","Style de ligne"
"Line Weight","Épaisseur de ligne"
"Linecap","Extrémité de ligne"
"Link Border Color","Couleur de la bordure du lien"
"Link Border Width","Épaisseur de la bordure du lien"
"Link Font Size","Taille de police du lien"
"Link Font Weight","Graisse de police du lien"
"Local Video","Vidéo locale"
"Loop","Boucle"
"Magento Widget","Widget Magento"
"Magezon Extensions","Extensions Magezon"
"Magezon Page Builder Template","Modèle Magezon Page Builder"
"Magezon Page Builder Templates","Modèles Magezon Page Builder"
"Malay","Malais"
"Margin Bottom","Marge basse"
"Margin Left","Marge gauche"
"Margin Right","Marge droite"
"Margin Top","Marge haute"
"Markers","Marqueurs"
"Max Height","Hauteur max."
"Max Width","Largeur max."
"Max Width(px)","Largeur max. (px)"
"Media Library","Médiathèque"
"Media library","Médiathèque"
"Medical Icons","Icônes médicales"
"Medium(500x375)","Moyen (500x375)"
"Medium(640x480)","Moyen (640x480)"
"Medium(800x600)","Moyen (800x600)"
"Message Box","Boîte de message"
"Message Box Design","Design de la boîte de message"
"Message Box Presets","Préréglages de la boîte de message"
"Min Height","Hauteur min."
"Min Width","Largeur min."
"Mobile Accordion","Accordéon sur mobile"
"Mobile Landscape","Mobile paysage"
"Mobile Portrait","Mobile portrait"
"Modern","Moderne"
"Modest Branding","Marque discrète"
"Mouse Parallax","Parallaxe à la souris"
"Move Down","Descendre"
"Move Up","Monter"
"Moved","Déplacé"
"Moving between frames by clicking.","Passer d’un cadre à l’autre en cliquant."
"Moving between frames by swiping.","Passer d’un cadre à l’autre en balayant."
"Mute","Muet"
"My Templates","Mes modèles"
"Name Color","Couleur du nom"
"Name Font Size","Taille de police du nom"
"Name Font Weight","Graisse de police du nom"
"Navigation Buttons","Boutons de navigation"
"Navigation Position","Position de la navigation"
"Navigation Size","Taille de la navigation"
"Navigation Style","Style de la navigation"
"Navigator","Navigateur"
"New Arrival","Nouveauté"
"New in 4.7","Nouveau en 4.7"
"New window","Nouvelle fenêtre"
"Newest First","Plus récents d’abord"
"Newsletter Form","Formulaire d’inscription à la newsletter"
"No Repeat","Pas de répétition"
"No offset","Sans décalage"
"Norwegian","Norvégien"
"Number Background Color","Couleur de fond du nombre"
"Number Border Radius","Rayon des bordures du nombre"
"Number Color","Couleur du nombre"
"Number Counter","Compteur numérique"
"Number Padding","Marge intérieure du nombre"
"Number Position","Position du nombre"
"Number Prefix","Préfixe du nombre"
"Number Size","Taille du nombre"
"Number Spacing","Espacement du nombre"
"Number Suffix","Suffixe du nombre"
"Number Type","Type de nombre"
"Number from -1.0 to 2.0","Nombre de -1,0 à 2,0"
"Number of Tweets","Nombre de tweets"
"Number of photos","Nombre de photos"
"Number of seconds to complete the animation.","Nombre de secondes pour terminer l’animation."
"Numbers","Nombres"
"Numbers & Circles","Nombres et cercles"
"Offset","Décalage"
"Oldest First","Plus anciens d’abord"
"On Click Code","Code au clic"
"On Sale","En promotion"
"On click action","Action au clic"
"Only Number","Nombre uniquement"
"Opacity + Scale","Opacité + échelle"
"Opacity + Scroll","Opacité + défilement"
"Open Custom Link","Ouvrir un lien personnalisé"
"Open Magnific Popup","Ouvrir une fenêtre Magnific Popup"
"Open Photo Link","Ouvrir le lien de la photo"
"Open Video or Map","Ouvrir la vidéo ou la carte"
"Open link in a new tab","Ouvrir le lien dans un nouvel onglet"
"Order By","Trier par"
"Outline","Contour"
"Padding Left","Marge intérieure gauche"
"Padding Right","Marge intérieure droite"
"Padding Top","Marge intérieure haute"
"Padidng Bottom","Marge intérieure basse"
"Pageable Container","Conteneur paginé"
"Parallax Type","Type de parallaxe"
"Pasted","Collé"
"Pause on Mouse Hover","Pause au survol de la souris"
"Persian","Persan"
"Pin It","Épingler"
"Play Icon Color","Couleur de l’icône de lecture"
"Play Icon Size(px)","Taille de l’icône de lecture (px)"
"Player Controls","Contrôles du lecteur"
"Plugin will try to fit inside the container","Le plugin essaiera de tenir dans le conteneur"
"Popup Image","Image de la fenêtre"
"Popup Title","Titre de la fenêtre"
"Portrait Phone(<576px)","Mobile portrait (<576px)"
"Portrait Phone(>=576px)","Mobile portrait (>=576px)"
"Pre Select","Présélection"
"Preview Products","Aperçu des produits"
"Price Color","Couleur du prix"
"Price: High to Low","Prix : décroissant"
"Price: Low to High","Prix : croissant"
"Pricing Table","Tableau de prix"
"Primary Alignment","Alignement principal"
"Primary Block","Bloc principal"
"Primary Text","Texte principal"
"Primary Title","Titre principal"
"Privacy Mode","Mode de confidentialité"
"Product Display","Affichage des produits"
"Product Options","Options du produit"
"Product Slider","Carrousel de produits"
"Progress Bar","Barre de progression"
"Radius","Rayon"
"Random","Aléatoire"
"Raw HTML","HTML brut"
"Raw JS","JS brut"
"Recent Reviews","Avis récents"
"Recommend @","Recommander @"
"Removed","Supprimé"
"Repeat","Répéter"
"Repeat horizontal","Répéter horizontalement"
"Repeat vertical","Répéter verticalement"
"Replaced","Remplacé"
"Reserve column order on mobile","Inverser l’ordre des colonnes sur mobile"
"Responsive Images","Images responsives"
"Responsive Options","Options responsives"
"Responsiveness","Responsive"
"Reverse Column","Inverser la colonne"
"Review Options","Options des avis"
"Right Bottom","Droite bas"
"Right Center","Droite centre"
"Right To Left","De droite à gauche"
"Right Top","Droite haut"
"Roadmap","Plan"
"Romanian","Roumain"
"Round Outline","Contour arrondi"
"Rounded","Arrondi"
"Row Inner Width","Largeur intérieure de la ligne"
"Same window","Même fenêtre"
"Save current layout as a template","Enregistrer la mise en page actuelle comme modèle"
"Scale","Échelle"
"Scrollwheel","Molette"
"Search Form","Formulaire de recherche"
"Search block by name or id","Rechercher un bloc par nom ou ID"
"Search category by name","Rechercher une catégorie par nom"
"Search item by name or id","Rechercher un élément par nom ou ID"
"Search product by name","Rechercher un produit par nom"
"Search product by name or ID","Rechercher un produit par nom ou ID"
"Search product by name, sku or id","Rechercher un produit par nom, SKU ou ID"
"Second","Seconde"
"Select Image","Sélectionner une image"
"Select Template","Sélectionner un modèle"
"Select button display language or allow it to be automatically defined by user preferences.","Choisissez la langue d’affichage du bouton, ou laissez-la définir automatiquement selon les préférences de l’utilisateur."
"Select column width.","Choisissez la largeur de la colonne."
"Select type of animation for element to be animated when it ""enters"" the browsers viewport (Note: works only in modern browsers).","Choisissez le type d’animation de l’élément lorsqu’il « entre » dans la zone visible du navigateur (remarque : ne fonctionne que dans les navigateurs récents)."
"Separator","Séparateur"
"Separator Color","Couleur du séparateur"
"Separator Size","Taille du séparateur"
"Separator Type","Type de séparateur"
"Sequenced Animation","Animation séquencée"
"Set Full Width Button","Bouton pleine largeur"
"Set custom text for tweet.","Définissez le texte personnalisé du tweet."
"Shadow","Ombre"
"Shadow Zoom ","Zoom de l’ombre "
"Shadow1","Ombre 1"
"Shadow2","Ombre 2"
"Shadows","Ombres"
"Share a link","Partager un lien"
"Share url: custom URL","URL partagée : URL personnalisée"
"Share url: page URL","URL partagée : URL de la page"
"ShortCode","Code court"
"Shortcode","Code court"
"Show Content","Afficher le contenu"
"Show Customer","Afficher le client"
"Show Date","Afficher la date"
"Show Description","Afficher la description"
"Show Firstname","Afficher le prénom"
"Show Friend's Faces","Afficher les visages des amis"
"Show Friends' Faces","Afficher les visages des amis"
"Show Lastname","Afficher le nom"
"Show Line","Afficher la ligne"
"Show Photo Title","Afficher le titre de la photo"
"Show Pin counts","Afficher le nombre d’épingles"
"Show Play Icon","Afficher l’icône de lecture"
"Show Preview Image","Afficher l’image d’aperçu"
"Show Product Image","Afficher l’image du produit"
"Show Product Name","Afficher le nom du produit"
"Show Rating Star","Afficher les étoiles de note"
"Show Related Videos","Afficher les vidéos similaires"
"Show Replies","Afficher les réponses"
"Show Time Separators","Afficher les séparateurs de temps"
"Show Title","Afficher le titre"
"Show all","Tout afficher"
"Show followers count","Afficher le nombre d’abonnés"
"Show hierarchy","Afficher la hiérarchie"
"Show product counts","Afficher le nombre de produits"
"Show profile photos when 2 or more friends like this","Afficher les photos de profil quand 2 amis ou plus aiment ceci"
"Show profile photos when friends like this","Afficher les photos de profil quand des amis aiment ceci"
"Show username","Afficher le nom d’utilisateur"
"Shuffles frames at launch.","Mélange les cadres au lancement."
"Simplify Controls","Simplifier les contrôles"
"Single Image","Image unique"
"Single Product","Produit unique"
"Size(px)","Taille (px)"
"Slide Link","Lien de la diapositive"
"Slide Link Type","Type de lien de la diapositive"
"SlideBy","Défilement par"
"Slider Height","Hauteur du carrousel"
"Sliders","Carrousels"
"Slides","Diapositives"
"Small(240x180)","Petit (240x180)"
"Small(320x240)","Petit (320x240)"
"Social Icons","Icônes de réseaux sociaux"
"Something went wrong while process preview styles.","Une erreur est survenue lors du traitement des styles d’aperçu."
"Something went wrong while process preview template.","Une erreur est survenue lors du traitement du modèle d’aperçu."
"Something went wrong while process the request.","Une erreur est survenue lors du traitement de la requête."
"Spacing","Espacement"
"Specify a end time (in seconds)","Indiquez une heure de fin (en secondes)"
"Specify a start time (in seconds)","Indiquez une heure de début (en secondes)"
"Speed(milliseconds)","Vitesse (millisecondes)"
"Spinner Icons","Icônes de chargement"
"Square Outline","Contour carré"
"Stage Padding","Marge intérieure de la scène"
"Stage container height in pixels or percents.","Hauteur du conteneur de la scène, en pixels ou en pourcentage."
"Stage container maximum height in pixels or percents.","Hauteur maximale du conteneur de la scène, en pixels ou en pourcentage."
"Stage container maximum width in pixels or percents.","Largeur maximale du conteneur de la scène, en pixels ou en pourcentage."
"Stage container minimum height in pixels or percents.","Hauteur minimale du conteneur de la scène, en pixels ou en pourcentage."
"Stage container minimum width in pixels or percents.","Largeur minimale du conteneur de la scène, en pixels ou en pourcentage."
"Stage container width in pixels or percents.","Largeur du conteneur de la scène, en pixels ou en pourcentage."
"Star Color","Couleur des étoiles"
"Start Index","Index de départ"
"Start time in seconds when video will be started (this value will be applied also after loop).","Temps de début en secondes auquel la vidéo démarre (aussi appliqué après une boucle)."
"Static Block","Bloc statique"
"Stop autoplay on touch","Arrêter la lecture automatique au toucher"
"Stops slideshow at any user action with the fotorama.","Arrête le diaporama à toute action de l’utilisateur sur le Fotorama."
"Style particular content element differently - add a class name and refer to it in custom CSS.","Stylez un élément de contenu différemment : ajoutez un nom de classe et utilisez-le dans votre CSS personnalisé."
"Sub Heading ","Sous-titre "
"Sub Heading Color","Couleur du sous-titre"
"Sub Heading Font Size","Taille de police du sous-titre"
"Sub Title","Sous-titre"
"Submit Fullwidth","Bouton d’envoi pleine largeur"
"Subscriber First Name","Prénom de l’abonné"
"Subscriber Last Name","Nom de l’abonné"
"Swipe","Balayage"
"Tab Item","Élément d’onglet"
"Tablet Landscape","Tablette paysage"
"Tablet Portrait","Tablette portrait"
"Tablet(<1024)","Tablette (<1024)"
"Tablet(>=1024)","Tablette (>=1024)"
"Template Library","Bibliothèque de modèles"
"Terrain","Relief"
"Testimonials","Témoignages"
"Text After Number","Texte après le nombre"
"Text Before Number","Texte avant le nombre"
"Text Block","Bloc de texte"
"Text Button","Bouton texte"
"Text Colors","Couleurs du texte"
"Text Editor Icons","Icônes d’éditeur de texte"
"Text Font Size","Taille de police du texte"
"Text Font Weight","Graisse de police du texte"
"Text Inline","Texte en ligne"
"Text Position","Position du texte"
"Text to appear above the number. Leave it empty for none.","Texte affiché au-dessus du nombre. Laissez vide pour aucun."
"Text to appear after the number. Leave it empty for none.","Texte affiché après le nombre. Laissez vide pour aucun."
"Thai","Thaï"
"The URL of the Facebook Page","L’URL de la page Facebook"
"The absolute URL that comments posted in the plugin will be permanently associated with. All stories shared on Facebook about comments posted using the comments plugin will link to this URL.","L’URL absolue à laquelle les commentaires publiés dans le plugin seront associés de façon permanente. Toutes les publications partagées sur Facebook à propos de ces commentaires renverront vers cette URL."
"The file is too large. Maximum upload file size: %1MB","Le fichier est trop volumineux. Taille maximale de téléversement : %1 Mo"
"The number of comments to show by default.","Nombre de commentaires affichés par défaut."
"The pixel width of the embed (Min. 180 to Max. 500)","Largeur en pixels de l’intégration (de 180 min. à 500 max.)"
"The template has been deleted.","Le modèle a été supprimé."
"Theme defaults","Valeurs par défaut du thème"
"Thumbnail Height","Hauteur de la miniature"
"Thumbnail Margin","Marge de la miniature"
"Thumbnail Width","Largeur de la miniature"
"Thumbnail(100x75)","Miniature (100x75)"
"Time Zone","Fuseau horaire"
"Timeline URL","URL du fil"
"Title Alignment","Alignement du titre"
"Title Color","Couleur du titre"
"Title Colors","Couleurs du titre"
"Title Font Size","Taille de police du titre"
"Title Font Weight","Graisse de police du titre"
"Title HTML Tag","Balise HTML du titre"
"Title Link","Lien du titre"
"Title Spacing","Espacement du titre"
"Title Tag","Balise du titre"
"Title Type","Type de titre"
"Toggle Title","Titre du bloc dépliable"
"Toggle content goes here, click edit button to change this text.","Le contenu dépliable s’affiche ici ; cliquez sur le bouton Modifier pour changer ce texte."
"Top Rated","Mieux notés"
"Top Split","Partage en haut"
"Trackpad","Pavé tactile"
"Transportation Icons","Icônes de transport"
"Turns on navigation arrows over the frames.","Active les flèches de navigation sur les cadres."
"Tweet #%1","Tweeter #%1"
"Tweet Text","Texte du tweet"
"Tweet Url","URL du tweet"
"Tweet text: custom text","Texte du tweet : texte personnalisé"
"Tweet text: page title","Texte du tweet : titre de la page"
"Tweet to @","Tweeter à @"
"Twitter Button","Bouton Twitter"
"Twitter Timeline","Fil Twitter"
"Type1","Type 1"
"Type2","Type 2"
"Type3","Type 3"
"URL to Like","URL à aimer"
"Ukrainian","Ukrainien"
"Unfilled Color","Couleur non remplie"
"Units","Unités"
"Up","Haut"
"Urdu","Ourdou"
"Use Small Header","Utiliser un petit en-tête"
"Use large button","Utiliser un grand bouton"
"Use the current page title as tweet text?","Utiliser le titre de la page actuelle comme texte du tweet ?"
"Use the current page url to share?","Partager l’URL de la page actuelle ?"
"User @","Utilisateur @"
"Uses a smaller version of the page header","Utilise une version réduite de l’en-tête de la page"
"Video Aspect Ratio","Format de la vidéo"
"Video Description","Description de la vidéo"
"Video Options","Options de la vidéo"
"Video Player","Lecteur vidéo"
"Video Player Icons","Icônes de lecteur vidéo"
"Video Title","Titre de la vidéo"
"Video Url","URL de la vidéo"
"Video or Map","Vidéo ou carte"
"Vietnamese","Vietnamien"
"View more","Voir plus"
"Vimeo Video ID","ID de la vidéo Vimeo"
"We can't find a template to delete.","Nous ne trouvons pas de modèle à supprimer."
"Web Application Icon","Icône d’application web"
"When you turn on privacy mode, YouTube won't store information about visitors on your website unless they play the video.","Avec le mode de confidentialité, YouTube ne stocke pas d’informations sur les visiteurs de votre site, sauf s’ils lisent la vidéo."
"Width divided by height. Recommended if you’re using percentage width.","Largeur divisée par la hauteur. Recommandé si vous utilisez une largeur en pourcentage."
"Wishlist Link","Lien de la liste d’envies"
"Wishlist Top","Liste d’envies en haut"
"You duplicated the template","Vous avez dupliqué le modèle"
"Your API application key. See <a href=""%1"" target=""_blank"">here</a> for more details.","Votre clé d’application API. Voir <a href=""%1"" target=""_blank"">ici</a> pour plus de détails."
"Your browser does not support the video tag.","Votre navigateur ne prend pas en charge la balise vidéo."
"Your email","Votre email"
"Youtube Video ID","ID de la vidéo YouTube"
"margin-right(px) on item.","margin-right (px) sur l’élément."
