"* You also have credits in another currency","* Vous avez aussi des crédits dans une autre devise"
"<a href=""https://www.maxmind.com/en/accounts/0/license-key"" target=""_blank"">Generate license key</a>","<a href=""https://www.maxmind.com/en/accounts/0/license-key"" target=""_blank"">Générer une clé de licence</a>"
"Add New Transaction","Ajouter une transaction"
"Add to Сart","Ajouter au panier"
"Advanced Reports","Rapports avancés"
"All Groups","Tous les groupes"
"Allow for selection of payment method for zero orders","Permettre le choix du moyen de paiement pour les commandes à zéro"
"Amount cannot exceed balance amount.","Le montant ne peut pas dépasser le solde."
"Amount of credits: min - %1, max - %2","Montant des crédits : min. %1, max. %2"
"Amount per product","Montant par produit"
"Apply the rule only if the following conditions are met (leave blank for all products)","Appliquer la règle uniquement si les conditions suivantes sont remplies (laissez vide pour tous les produits)"
"Apply the rule only to cart items matching the following conditions (leave blank for all items)","Appliquer la règle uniquement aux articles du panier remplissant les conditions suivantes (laissez vide pour tous les articles)"
"Auto apply Store Credit for shopping cart","Appliquer automatiquement le crédit en magasin au panier"
"Balance Information","Informations sur le solde"
"Balance Total","Solde total"
"Balance Update","Mise à jour du solde"
"Balance successfully sent.","Solde envoyé."
"Cashback Amount","Montant du cashback"
"Cashback Type","Type de cashback"
"Conditions & Actions","Conditions et actions"
"Create New Earning Rule","Créer une règle de gain"
"Create New Transaction","Créer une transaction"
"Credit Memo #%1","Avoir n° %1"
"Credit Memo Number Pattern","Modèle de numérotation des avoirs"
"Credit Price Options","Options de prix des crédits"
"Credits","Crédits"
"Current Balance","Solde actuel"
"Current credit balance: <b>%1</b>","Solde de crédits actuel : <b>%1</b>"
"Customer has been notified","Le client a été notifié"
"Customer with email %1 does not exist.","Le client d’e-mail %1 n’existe pas."
"Debug mode","Mode débogage"
"Deducted","Déduit"
"Default Grok model","Modèle Grok par défaut"
"Desktop","Ordinateur"
"Earning","Gain"
"Earning Amount","Montant du gain"
"Earning Rule was successfully deleted","La règle de gain a été supprimée"
"Earning Rule was successfully saved","La règle de gain a été enregistrée"
"Earning Rules","Règles de gain"
"Earning Type","Type de gain"
"Earning rules","Règles de gain"
"Edit Earning Rule '%1'","Modifier la règle de gain « %1 »"
"Edit Transaction '%1'","Modifier la transaction « %1 »"
"Email subscription was successfully updated.","L’abonnement e-mail a été mis à jour."
"Enable Grok provider","Activer le fournisseur Grok"
"Enable Quick Data Bar","Activer la barre de données rapides"
"Enable Refund To Store Credit (default value for credit memo)","Activer le remboursement en crédit magasin (valeur par défaut des avoirs)"
"Enable Sending Credit to Customer","Activer l’envoi de crédits au client"
"Enable balance update email","Activer l’e-mail de mise à jour du solde"
"Enable xAI Grok as an available AI provider. Requires valid API key configuration.","Activer xAI Grok comme fournisseur d’IA. Nécessite une clé API valide."
"Follow Up Email","E-mail de relance"
"From: %1, To: %2","Du : %1, au : %2"
"Grok API key","Clé API Grok"
"Include shipping to Store Credit","Inclure l’expédition dans le crédit magasin"
"Include tax to Store Credit","Inclure la taxe dans le crédit magasin"
"Last Change:","Dernière modification :"
"License Key","Clé de licence"
"Manage Templates","Gérer les modèles"
"Max Credits Amount","Montant maximal de crédits"
"Min Credits Amount","Montant minimal de crédits"
"New Earning Rule","Nouvelle règle de gain"
"New Transaction","Nouvelle transaction"
"No Transactions Found","Aucune transaction trouvée"
"Notice","Remarque"
"Notify friend","Prévenir un ami"
"Order Number Pattern","Modèle de numérotation des commandes"
"Per Currency","Par devise"
"Percent of item amount in order","Pourcentage du montant de l’article dans la commande"
"Please make sure the attribute ""%s"" is not empty.","Vérifiez que l’attribut « %s » n’est pas vide."
"Please specify a customer email.","Indiquez l’e-mail du client."
"Price Options","Options de prix"
"Price will be paid for 1 credit","Prix payé pour 1 crédit"
"Purchased Store Credits","Crédits magasin achetés"
"Range","Plage"
"Received","Reçu"
"Received from %1 %2","Reçu de %1 %2"
"Recipient","Destinataire"
"Refill","Recharger"
"Refill balance","Recharger le solde"
"Refund to Store Credit, (%1)","Remboursement en crédit magasin (%1)"
"Select the default Grok model for AI operations. Different models have varying capabilities and costs.","Choisissez le modèle Grok par défaut pour les opérations d’IA. Les modèles diffèrent en capacités et en coûts."
"Send Credit to Friend","Envoyer des crédits à un ami"
"Send to friend %1","Envoyer à l’ami %1"
"Share Customer Balances","Partager les soldes des clients"
"Single","Unique"
"Size:","Taille :"
"Spent","Dépensé"
"Store Credit Balance Change","Modification du solde de crédit magasin"
"Store Credit Balance should be a valid number.","Le solde de crédit magasin doit être un nombre valide."
"Store Credit amount ""%1"" should be a valid number, i.e. 5 or 7.5","Le montant de crédit magasin « %1 » doit être un nombre valide, par ex. 5 ou 7.5"
"Store Credits","Crédits magasin"
"Store Credits: %1","Crédits magasin : %1"
"Store credit amount cannot exceed order amount.","Le montant de crédit magasin ne peut pas dépasser le montant de la commande."
"Store credit was successfully applied","Le crédit magasin a été appliqué"
"Store credit was successfully canceled","Le crédit magasin a été annulé"
"Subscribe to email notifications","S’abonner aux notifications par e-mail"
"Subscribed to email notifications:","Abonné aux notifications par e-mail :"
"Sum","Somme"
"Template of Balance Update Email","Modèle de l’e-mail de mise à jour du solde"
"The Earning Rule does not exist.","La règle de gain n’existe pas."
"The order of Store Credit applying","Ordre d’application du crédit magasin"
"There have been no transactions made yet.","Aucune transaction pour le moment."
"This template no longer exists.","Ce modèle n’existe plus."
"Total Balance","Solde total"
"Total Refunded to Store Credit","Total remboursé en crédit magasin"
"Total Used Balance","Solde total utilisé"
"Transaction #","Transaction n°"
"Transaction was successfully saved.","La transaction a été enregistrée."
"Transactions History","Historique des transactions"
"UTM medium","Support UTM"
"UTM source","Source UTM"
"Unable to find the Earning Rule to save","Règle de gain à enregistrer introuvable"
"Unable to find transaction to save.","Transaction à enregistrer introuvable."
"Use Max Store Credit","Utiliser le maximum de crédit magasin"
"Use Store Credits","Utiliser les crédits magasin"
"Used Store Credit","Crédit magasin utilisé"
"You can not send credits to yourself","Vous ne pouvez pas vous envoyer des crédits"
"You can use only %1","Vous ne pouvez utiliser que %1"
"You saved the template.","Vous avez enregistré le modèle."
"Your account balance has been updated at %store_name.","Le solde de votre compte a été mis à jour sur %store_name."
"Your current balance is:","Votre solde actuel est de :"
"Your current balance is: <b>%1</b>","Votre solde actuel est de : <b>%1</b>"
"Your xAI API key starting with 'xai-'. This key is encrypted and stored securely.<br>Get your API key from: <a href=""https://console.x.ai"" target=""_blank"">xAI Console</a>","Votre clé API xAI, qui commence par « xai- ». Elle est chiffrée et stockée en sécurité.<br>Obtenez votre clé API sur : <a href=""https://console.x.ai"" target=""_blank"">xAI Console</a>"
"credit option","option de crédit"
"xAI Grok API returned an incomplete response because the model's context window tokens number was exceeded.","L’API xAI Grok a renvoyé une réponse incomplète : la fenêtre de contexte du modèle est dépassée."
"xAI Grok API returned no content in the response.","L’API xAI Grok n’a renvoyé aucun contenu."
"xAI Grok Configuration","Configuration de xAI Grok"
