"Add new Price","Ajouter un tarif"
"Are you sure you wan't to delete this price record?","Voulez-vous vraiment supprimer ce tarif ?"
"Could not delete the Prices: %1","Impossible de supprimer les tarifs : %1"
"Could not save the prices: %1","Impossible d’enregistrer les tarifs : %1"
"Delete Prices","Supprimer les tarifs"
"Delete this price","Supprimer ce tarif"
"GLS Chez Vous + name","Nom de GLS Chez Vous +"
"GLS Chez Vous name","Nom de GLS Chez Vous"
"GLS Point Relais name","Nom de GLS Point Relais"
"GLS Webservice password","Mot de passe du service web GLS"
"GLS prices","Tarifs GLS"
"GLS webservice Login","Identifiant du service web GLS"
"Incorrect GLS webservice login and/or password.","Identifiant et/ou mot de passe du service web GLS incorrect."
"Prices with id ""%1"" does not exist.","Le tarif d’identifiant « %1 » n’existe pas."
"Save Prices","Enregistrer les tarifs"
"Something went wrong while saving the Price.","Une erreur est survenue lors de l’enregistrement du tarif."
"These Prices no longer exist.","Ces tarifs n’existent plus."
"Use ShipIt API","Utiliser l’API ShipIt"
