"%s: ""%s"" invoice already created for order %s.","%s : facture « %s » déjà créée pour la commande %s."
"Access token data is not valid.","Les données du jeton d’accès ne sont pas valides."
"Access token is not on the proper scope.","Le jeton d’accès n’a pas la bonne portée."
"An error has occurred while cancelling the order","Une erreur est survenue lors de l’annulation de la commande"
"An error occurred while retrieving available shipping methods","Une erreur est survenue lors de la récupération des modes d’expédition disponibles"
"Bizum is unavailable in TEST mode. Please switch your Payplug plugin to LIVE mode to activate it.","Bizum n’est pas disponible en mode TEST. Passez votre module Payplug en mode LIVE pour l’activer."
"Client data is not valid.","Les données client ne sont pas valides."
"Connected with <strong>%1</strong> in default scope","Connecté avec <strong>%1</strong> dans la portée par défaut"
"Connected with OAuth2 Authentication","Connecté avec l’authentification OAuth2"
"Connection state","État de la connexion"
"Could not fetch credentials from Payplug Portal","Impossible de récupérer les identifiants depuis le portail Payplug"
"Could not retrieve Auth Code from Payplug Portal","Impossible de récupérer le code d’autorisation depuis le portail Payplug"
"Could not retrieve TEST credentials from Payplug Portal","Impossible de récupérer les identifiants de TEST depuis le portail Payplug"
"Could not retrieve payment id for integrated payment","Impossible de récupérer l’identifiant du paiement intégré"
"Current access token expiration date","Date d’expiration du jeton d’accès actuel"
"Custom Payplug metadata","Métadonnées Payplug personnalisées"
"English","Anglais"
"Forced order capture","Capture forcée de la commande"
"French","Français"
"Giropay is only available for payers with billing addresses in Germany.","Giropay n’est disponible que pour les payeurs dont l’adresse de facturation est en Allemagne."
"Giropay is unavailable in TEST mode. Please switch your Payplug plugin to LIVE mode to activate it.","Giropay n’est pas disponible en mode TEST. Passez votre module Payplug en mode LIVE pour l’activer."
"Italian","Italien"
"LIVE client credentials available","Identifiants client LIVE disponibles"
"Need to use old login / password authentication mode ? Please disconnect Oauth2 connection","Besoin de l’ancien mode d’authentification par identifiant / mot de passe ? Déconnectez la connexion OAuth2"
"No active quote found.","Aucun panier actif trouvé."
"No billing address found for this order.","Aucune adresse de facturation trouvée pour cette commande."
"No items could be added to the quote.","Aucun article n’a pu être ajouté au panier."
"No shipping address found for this order.","Aucune adresse d’expédition trouvée pour cette commande."
"Not connected","Non connecté"
"Notified customer about invoice creation #%1.","Client informé de la création de la facture n°%1."
"Oauth2 authentication successful","Authentification OAuth2 réussie"
"Once your account is verified, you will need to logout, then login to refresh permissions","Une fois votre compte vérifié, déconnectez-vous puis reconnectez-vous pour actualiser les autorisations"
"Order could not be created.","La commande n’a pas pu être créée."
"Order placed successfully.","Commande passée avec succès."
"Payplug payment was not successfull.","Le paiement Payplug a échoué."
"Placeholder city","Ville provisoire"
"Placeholder email","E-mail provisoire"
"Placeholder firstname","Prénom provisoire"
"Placeholder lastname","Nom provisoire"
"Placeholder postcode","Code postal provisoire"
"Placeholder region","Région provisoire"
"Please fill in your shipping company information.","Veuillez renseigner les informations de votre société de transport."
"Product not found","Produit introuvable"
"Scalapay is unavailable in TEST mode. Please switch your Payplug plugin to LIVE mode to activate it.","Scalapay n’est pas disponible en mode TEST. Passez votre module Payplug en mode LIVE pour l’activer."
"Show on cart page","Afficher sur la page panier"
"Show on checkout","Afficher lors de la commande"
"Show on product page","Afficher sur la page produit"
"TEST client credentials available","Identifiants client TEST disponibles"
"The JWT is invalid.","Le JWT n’est pas valide."
"The invoice cannot be created","La facture ne peut pas être créée"
"The metadata is added in addition to the existing Payplug metadata","Les métadonnées s’ajoutent aux métadonnées Payplug existantes"
"The placeholder city passed in the payment request before a billing address is selected by user","Ville provisoire transmise dans la demande de paiement avant que l’utilisateur ne sélectionne une adresse de facturation"
"The placeholder email passed in the payment request before a billing address is selected by user","E-mail provisoire transmis dans la demande de paiement avant que l’utilisateur ne sélectionne une adresse de facturation"
"The placeholder firstname passed in the payment request before a billing address is selected by user","Prénom provisoire transmis dans la demande de paiement avant que l’utilisateur ne sélectionne une adresse de facturation"
"The placeholder lastname passed in the payment request before a billing address is selected by user","Nom provisoire transmis dans la demande de paiement avant que l’utilisateur ne sélectionne une adresse de facturation"
"The placeholder postcode passed in the payment request before a billing address is selected by user","Code postal provisoire transmis dans la demande de paiement avant que l’utilisateur ne sélectionne une adresse de facturation"
"The placeholder region passed in the payment request before a billing address is selected by user","Région provisoire transmise dans la demande de paiement avant que l’utilisateur ne sélectionne une adresse de facturation"
"Transaction authorized but not yet captured.","Transaction autorisée mais pas encore capturée."
"Transaction is waiting for a review from Oney","La transaction est en attente de vérification par Oney"
"Wero is unavailable in TEST mode. Please switch your Payplug plugin to LIVE mode to activate it.","Wero n’est pas disponible en mode TEST. Passez votre module Payplug en mode LIVE pour l’activer."
"You are currently authenticated with email <strong>%1</strong> (%2)","Vous êtes actuellement authentifié avec l’e-mail <strong>%1</strong> (%2)"
"You don't have access to this feature yet. To activate Bizum, please fill in the following form: https://support.payplug.com/hc/en-gb/requests/new","Vous n’avez pas encore accès à cette fonctionnalité. Pour activer Bizum, remplissez le formulaire suivant : https://support.payplug.com/hc/en-gb/requests/new"
"You don't have access to this feature yet. To activate Scalapay, please fill in the following form: https://support.payplug.com/hc/en-gb/requests/new","Vous n’avez pas encore accès à cette fonctionnalité. Pour activer Scalapay, remplissez le formulaire suivant : https://support.payplug.com/hc/en-gb/requests/new"
"You don't have access to this feature yet. To activate Wero, please fill in the following form: https://support.payplug.com/hc/en-gb/requests/new","Vous n’avez pas encore accès à cette fonctionnalité. Pour activer Wero, remplissez le formulaire suivant : https://support.payplug.com/hc/en-gb/requests/new"
"You have been logged out successfully","Vous avez été déconnecté avec succès"
