"%1 h ago","il y a %1 h"
"%1 installed","%1 installé"
"%1 is available","%1 est disponible"
"%1 is available since %2","%1 est disponible depuis %2"
"%1 min ago","il y a %1 min"
"%1 theme(s) fixed. Magento is unable to read the source files of: %2","%1 thème(s) corrigé(s). Magento ne peut pas lire les fichiers sources de : %2"
"%1 updates available","%1 mises à jour disponibles"
"%1 values saved successfully","%1 valeurs enregistrées avec succès"
"<a href=""%1"">Learn more about privacy policy</a>.","<a href=""%1"">En savoir plus sur la politique de confidentialité</a>."
"Admin access required for Theme Editor operations.","Accès administrateur requis pour les opérations de l’éditeur de thème."
"All Channels","Tous les canaux"
"Allows forcing ""Breeze Experience"" using ?breeze=1 query string. Or, use ?breeze=1&compat=1 to force ""Better compatibility"" mode.","Permet de forcer l’« expérience Breeze » avec le paramètre d’URL ?breeze=1. Ou utilisez ?breeze=1&compat=1 pour forcer le mode « Meilleure compatibilité »."
"Allows to force breeze status via query parameter: ?breeze=1 or ?breeze=0","Permet de forcer l’état de Breeze par paramètre d’URL : ?breeze=1 ou ?breeze=0"
"An authentication error occurred. Verify your credentials and try again.","Une erreur d’authentification est survenue. Vérifiez vos identifiants et réessayez."
"An error occured. Response code - %1.","Une erreur est survenue. Code de réponse : %1."
"An error occured: ","Une erreur est survenue : "
"Authentication required. Admin access only.","Authentification requise. Accès administrateur uniquement."
"Authentication required. Please provide valid Bearer token.","Authentification requise. Veuillez fournir un jeton Bearer valide."
"Authorization required","Autorisation requise"
"Better Compatibility","Meilleure compatibilité"
"Breeze Theme Editor","Éditeur de thème Breeze"
"Breeze module will replace all scripts with its own simplified version. It will also remove all custom and third-party modules scripts.","Le module Breeze remplace tous les scripts par sa propre version simplifiée. Il retire aussi tous les scripts des modules personnalisés et tiers."
"Breeze will be disabled on this pages","Breeze sera désactivé sur ces pages"
"Breeze will be enabled on this pages","Breeze sera activé sur ces pages"
"Bundles","Lots"
"Cannot copy from the same scope/scopeId","Impossible de copier depuis la même portée / le même identifiant de portée"
"Cannot disable %1 because other modules uses it: %2","Impossible de désactiver %1 car d’autres modules l’utilisent : %2"
"Cannot enable %1 because it conflicts with %2","Impossible d’activer %1 car il est en conflit avec %2"
"Cannot enable %1 because it requires the following dependencies: %2","Impossible d’activer %1 car il nécessite les dépendances suivantes : %2"
"Changelog with id ""%1"" does not exist.","Le journal des modifications d’identifiant « %1 » n’existe pas."
"Channel","Canal"
"Channel ""%1"" already exists.","Le canal « %1 » existe déjà."
"Channel ""%1"" does not exist.","Le canal « %1 » n’existe pas."
"Channels","Canaux"
"Check for Updates","Rechercher des mises à jour"
"Checking","Vérification"
"Clear the cache","Vider le cache"
"Components","Composants"
"Could not delete changelog: %1","Impossible de supprimer le journal des modifications : %1"
"Could not delete publication: %1","Impossible de supprimer la publication : %1"
"Could not delete status: %1","Impossible de supprimer le statut : %1"
"Could not delete the value: %1","Impossible de supprimer la valeur : %1"
"Could not save changelog: %1","Impossible d’enregistrer le journal des modifications : %1"
"Could not save publication: %1","Impossible d’enregistrer la publication : %1"
"Could not save status: %1","Impossible d’enregistrer le statut : %1"
"Could not save the value: %1","Impossible d’enregistrer la valeur : %1"
"Could not save values: %1","Impossible d’enregistrer les valeurs : %1"
"Delete ""%1""? This cannot be undone.","Supprimer « %1 » ? Cette action est irréversible."
"Delete failed: %1","Échec de la suppression : %1"
"Disable %1","Désactiver %1"
"Disable Breeze for specified URLs","Désactiver Breeze pour les URL indiquées"
"Disable Maintenance Mode","Désactiver le mode maintenance"
"Disable Production Mode","Désactiver le mode production"
"Discard all %1 draft changes? This cannot be undone.","Abandonner les %1 modifications en brouillon ? Cette action est irréversible."
"Discard failed: %1","Échec de l’abandon : %1"
"Docs","Documentation"
"Draft changes discarded","Modifications en brouillon abandonnées"
"Draft changes discarded successfully","Modifications en brouillon abandonnées avec succès"
"Enable %1","Activer %1"
"Enable Breeze Experience","Activer l’expérience Breeze"
"Enable Maintenance Mode","Activer le mode maintenance"
"Enable Production Mode","Activer le mode production"
"Enable Responsive Images","Activer les images responsives"
"Enable Theme Editor","Activer l’éditeur de thème"
"Enable or disable Breeze Theme Editor mode.","Active ou désactive le mode éditeur de thème Breeze."
"Enter a title for this restore:","Saisissez un titre pour cette restauration :"
"Enter publication title:","Saisissez le titre de la publication :"
"Error during ""%1"" processing. Relative paths are forbidden: ""%2""","Erreur lors du traitement de « %1 ». Les chemins relatifs sont interdits : « %2 »"
"Error reading theme configuration: %1","Erreur de lecture de la configuration du thème : %1"
"Exceptions for Disable Breeze URLs","Exceptions aux URL où Breeze est désactivé"
"Excluded from Better Compatibility","Exclus de la meilleure compatibilité"
"Experimental Settings","Paramètres expérimentaux"
"Failed to save palette value: %1","Échec de l’enregistrement de la valeur de palette : %1"
"File %1 can't be read. Please check if it exists and has read permissions.","Le fichier %1 ne peut pas être lu. Vérifiez qu’il existe et qu’il est accessible en lecture."
"Filesystem Cleanup","Nettoyage du système de fichiers"
"Fix All","Tout corriger"
"Fix Virtual Themes","Corriger les thèmes virtuels"
"GraphQL Authorization Header","En-tête d’autorisation GraphQL"
"HTTP header used to pass the admin Bearer token to the GraphQL endpoint. Default: <b>Authorization</b>.<br>
                        If the site is protected by HTTP Basic Auth (.htaccess), Apache/nginx intercepts the standard <b>Authorization</b> header,
                        returns 401 and the browser shows an endless password prompt. Set a custom header (e.g. <b>X-Bte-Authorization</b>) to work around it —
                        the module copies its value into <b>Authorization</b> server-side, before Magento validates the token.<br>
                        Allowed characters: letters, digits and hyphen.","En-tête HTTP utilisé pour transmettre le jeton Bearer administrateur au point d’accès GraphQL. Par défaut : <b>Authorization</b>.<br>
                        Si le site est protégé par une authentification HTTP Basic (.htaccess), Apache/nginx intercepte l’en-tête standard <b>Authorization</b>,
                        renvoie 401 et le navigateur affiche une demande de mot de passe sans fin. Définissez un en-tête personnalisé (par ex. <b>X-Bte-Authorization</b>) pour contourner le problème —
                        le module copie sa valeur dans <b>Authorization</b> côté serveur, avant que Magento ne valide le jeton.<br>
                        Caractères autorisés : lettres, chiffres et trait d’union."
"Handler ""%1"" is not registered.","Le gestionnaire « %1 » n’est pas enregistré."
"How to Update","Comment mettre à jour"
"Install","Installer"
"Install %1","Installer %1"
"Install at","Installé le"
"Install downloaded package(s)","Installer le(s) paquet(s) téléchargé(s)"
"Invalid CSS variable name. Must start with ""--color-""","Nom de variable CSS invalide. Il doit commencer par « --color- »"
"Invalid JSON data: %1","Données JSON invalides : %1"
"Invalid color format. Expected HEX (e.g., ""#1979c3"") or RGB (e.g., ""25, 121, 195"")","Format de couleur invalide. Attendu : HEX (par ex. « #1979c3 ») ou RGB (par ex. « 25, 121, 195 »)"
"Invalid data format","Format de données invalide"
"Invalid value instance provided","Instance de valeur fournie invalide"
"Last checked %1","Dernière vérification %1"
"Latest version is not accessible","La dernière version n’est pas accessible"
"Magento Cache was successfully flushed","Le cache Magento a bien été vidé"
"Missing ""version"" in theme configuration","« version » manquante dans la configuration du thème"
"Missing or invalid ""sections"" in theme configuration","« sections » manquantes ou invalides dans la configuration du thème"
"Next Image","Image suivante"
"No Swissup modules are installed.","Aucun module Swissup n’est installé."
"No active channels found.","Aucun canal actif trouvé."
"No changes to publish","Aucune modification à publier"
"No items found.","Aucun élément trouvé."
"No modifications","Aucune modification"
"No theme","Aucun thème"
"No theme is assigned to store view ID %1, nor to the Default Config scope. Assign a theme in Content > Design > Configuration, then flush the configuration cache.","Aucun thème n’est affecté à la vue magasin d’ID %1, ni à la portée Configuration par défaut. Affectez un thème dans Contenu > Design > Configuration, puis videz le cache de configuration."
"No theme is assigned to the Default Config scope, and no store view has one either. Assign a theme in Content > Design > Configuration, then flush the configuration cache.","Aucun thème n’est affecté à la portée Configuration par défaut, ni à aucune vue magasin. Affectez un thème dans Contenu > Design > Configuration, puis videz le cache de configuration."
"No theme is assigned to website ID %1, to the Default Config scope, or to any of its store views. Assign a theme in Content > Design > Configuration, then flush the configuration cache.","Aucun thème n’est affecté au site web d’ID %1, ni à la portée Configuration par défaut, ni à aucune de ses vues magasin. Affectez un thème dans Contenu > Design > Configuration, puis videz le cache de configuration."
"Not found","Introuvable"
"Nothing was fixed. Magento is unable to read the source files of: %1","Rien n’a été corrigé. Magento ne peut pas lire les fichiers sources de : %1"
"One alias or path per line. Use asterisk to ignore whole path: Vendor_Module/*","Un alias ou chemin par ligne. Utilisez l’astérisque pour ignorer tout un chemin : Vendor_Module/*"
"One url per line. Example: /helpdesk or ?param=1","Une URL par ligne. Exemple : /helpdesk ou ?param=1"
"One url per line. Example: /helpdesk-with-breeze","Une URL par ligne. Exemple : /helpdesk-with-breeze"
"Only a module can be enabled or disabled. Not a module: %1","Seul un module peut être activé ou désactivé. Ce n’est pas un module : %1"
"Outdated","Obsolète"
"Outdated modules: %1","Modules obsolètes : %1"
"PUBLICATION status is not supported for export. Export from DRAFT or PUBLISHED status only.","Le statut PUBLICATION n’est pas pris en charge pour l’export. Exportez uniquement depuis le statut DRAFT ou PUBLISHED."
"PUBLICATION status is not supported. Use breezeThemeEditorConfigFromPublication query instead.","Le statut PUBLICATION n’est pas pris en charge. Utilisez plutôt la requête breezeThemeEditorConfigFromPublication."
"PUBLICATION status is not supported. Use breezeThemeEditorConfigFromPublication query to load historical values.","Le statut PUBLICATION n’est pas pris en charge. Utilisez la requête breezeThemeEditorConfigFromPublication pour charger les valeurs historiques."
"Package Manager","Gestionnaire de paquets"
"Package Name","Nom du paquet"
"Package Type","Type de paquet"
"Package(s)","Paquet(s)"
"Package(s) successfully installed.","Paquet(s) installé(s) avec succès."
"Palette color saved successfully","Couleur de palette enregistrée avec succès"
"Please, select a Store","Veuillez sélectionner un magasin"
"Preset ""%1"" applied successfully","Préréglage « %1 » appliqué avec succès"
"Preset ""%1"" has no settings","Le préréglage « %1 » n’a aucun réglage"
"Preset ""%1"" not found","Préréglage « %1 » introuvable"
"Preset is empty","Le préréglage est vide"
"Previous Image","Image précédente"
"Publication #%1 not found","Publication n°%1 introuvable"
"Publication deleted","Publication supprimée"
"Publication deleted successfully","Publication supprimée avec succès"
"Publication title is required","Le titre de la publication est obligatoire"
"Publication with ID %1 not found","Publication d’ID %1 introuvable"
"Publication with id ""%1"" does not exist.","La publication d’identifiant « %1 » n’existe pas."
"Publish failed: %1","Échec de la publication : %1"
"Published customizations reset to defaults","Personnalisations publiées réinitialisées aux valeurs par défaut"
"Published customizations reset to theme defaults","Personnalisations publiées réinitialisées aux valeurs par défaut du thème"
"Published successfully: %1","Publié avec succès : %1"
"Published: %1","Publié : %1"
"Released on %1","Publié le %1"
"Remote channel returned ""404 - Not Found"" response.","Le canal distant a renvoyé la réponse « 404 - Not Found »."
"Remote channel returned malformed response.","Le canal distant a renvoyé une réponse mal formée."
"Requested constant is not defined: %1","La constante demandée n’est pas définie : %1"
"Requested website is not found","Le site web demandé est introuvable"
"Reset failed: %1","Échec de la réinitialisation : %1"
"Reset to defaults successfully","Réinitialisation aux valeurs par défaut réussie"
"Restoring: %1","Restauration : %1"
"Run Installer","Lancer l’installateur"
"Run installer","Lancer l’installateur"
"Run setup:upgrade","Lancer setup:upgrade"
"Run the command","Lancer la commande"
"Run the following command from the Magento root directory:","Lancez la commande suivante depuis la racine de Magento :"
"Run the following commands in terminal:","Lancez les commandes suivantes dans un terminal :"
"Settings exported successfully","Paramètres exportés avec succès"
"Settings published successfully","Paramètres publiés avec succès"
"Show less","Afficher moins"
"Showing %1 of %2","%1 sur %2 affichés"
"Skip carousel","Passer le carrousel"
"Skip to product list","Aller à la liste des produits"
"Status ""%1"" not found","Statut « %1 » introuvable"
"Status with id ""%1"" does not exist.","Le statut d’identifiant « %1 » n’existe pas."
"Successfully copied settings from %1/%2 to %3/%4","Paramètres copiés avec succès de %1/%2 vers %3/%4"
"Successfully imported %1 settings","%1 paramètres importés avec succès"
"Successfully rolled back to publication #%1","Retour à la publication n°%1 effectué avec succès"
"The currently active publication cannot be deleted.","La publication actuellement active ne peut pas être supprimée."
"The module is up to date","Le module est à jour"
"The valid format is {0}. For example, the valid date for ""May 4, 2001"" is {1}","Le format valide est {0}. Par exemple, la date valide pour « 4 mai 2001 » est {1}"
"Theme Editor","Éditeur de thème"
"Theme editor configuration file not found for theme: %1","Fichier de configuration de l’éditeur de thème introuvable pour le thème : %1"
"Theme with ID %1 not found","Thème d’ID %1 introuvable"
"This feature allows to serve most suitable image size per device. Theme developer must describe srcset property in view.xml file in order to enable this feature.","Cette fonctionnalité sert la taille d’image la mieux adaptée à chaque appareil. Le développeur du thème doit décrire la propriété srcset dans le fichier view.xml pour l’activer."
"This module is not downloaded yet","Ce module n’est pas encore téléchargé"
"Troubleshooting","Dépannage"
"Uninstall","Désinstaller"
"Uninstall %1","Désinstaller %1"
"Update %1","Mettre à jour %1"
"Use theme settings","Utiliser les réglages du thème"
"User ID not found in authentication context.","ID utilisateur introuvable dans le contexte d’authentification."
"Validation failed: %1","Échec de la validation : %1"
"Value saved successfully","Valeur enregistrée avec succès"
"Value with id ""%1"" does not exist. ","La valeur d’identifiant « %1 » n’existe pas. "
"View Image","Voir l’image"
"View Log","Voir le journal"
"Virtual (Magento can't read %1)","Virtuel (Magento ne peut pas lire %1)"
"Virtual themes fixed.","Thèmes virtuels corrigés."
"When enabled, Breeze will fallback to Luma-based components if integration is missing.","Si activé, Breeze se rabat sur les composants Luma lorsque l’intégration est absente."
"You do not have permission to perform this operation.","Vous n’avez pas l’autorisation d’effectuer cette opération."
"You have %1 unsaved change(s).\n\nPublish will ignore them. Continue?","Vous avez %1 modification(s) non enregistrée(s).

La publication les ignorera. Continuer ?"
"Zoom In","Zoom avant"
"Zoom Out","Zoom arrière"
"just now","à l’instant"
"less than a minute ago","il y a moins d’une minute"
"publicationId is required","publicationId est obligatoire"
"publicationId is required when status is PUBLICATION","publicationId est obligatoire lorsque le statut est PUBLICATION"
