" FBA stand for fulfillment by Amazon, Created or updated magento product at amazon will be FBA product. "," FBA signifie « expédié par Amazon » : un produit Magento créé ou mis à jour sur Amazon sera un produit FBA. "
" FBM stand for fulfillment by Merchant, Created or updated magento product at amazon will be FBM product. "," FBM signifie « expédié par le vendeur » : un produit Magento créé ou mis à jour sur Amazon sera un produit FBM. "
" Order(s) Imported."," commande(s) importée(s)."
" Product(s) Imported."," produit(s) importé(s)."
" already maped with store order #"," déjà associée à la commande boutique n°"
" not contain address"," ne contient pas d’adresse"
" not created on your store"," non créé(e) dans votre boutique"
" order(s)"," commande(s)"
" order(s) to import"," commande(s) à importer"
" product(s) to import"," produit(s) à importer"
"%1 already mapped with %2 for selected marketplace.","%1 est déjà associé à %2 pour la place de marché sélectionnée."
"--- Select Store Attribute ---","--- Sélectionnez un attribut de la boutique ---"
"A total of %1 record(s) have been %2 to amazon.","%1 enregistrement(s) au total ont été %2 vers Amazon."
"A total of %1 record(s) have been failed to %2 at amazon.","%1 enregistrement(s) au total n’ont pas pu être %2 sur Amazon."
"A total of %1 record(s) have been saved.","Un total de %1 enregistrement(s) ont été sauvegardé(s)."
"Add Amazon Seller Account","Ajouter un compte vendeur Amazon"
"Amazon Account","Compte Amazon"
"Amazon Account Information","Informations du compte Amazon"
"Amazon Account List","Liste des comptes Amazon"
"Amazon Category ID","ID de catégorie Amazon"
"Amazon Category Name","Nom de la catégorie Amazon"
"Amazon Category Path","Chemin de la catégorie Amazon"
"Amazon Child Category","Sous-catégorie Amazon"
"Amazon Client Does not Initialize.","Le client Amazon ne s’est pas initialisé."
"Amazon Connector","Connecteur Amazon"
"Amazon General Configuration","Configuration générale Amazon"
"Amazon Marketplace","Place de marché Amazon"
"Amazon Order From","Commandes Amazon du"
"Amazon Order Id","ID de commande Amazon"
"Amazon Order Range","Période des commandes Amazon"
"Amazon Order to","Commandes Amazon au"
"Amazon Parent Category","Catégorie parente Amazon"
"Amazon Pro Id","ID produit Amazon"
"Amazon Product Attribute","Attribut produit Amazon"
"Amazon Product Price Rule","Règle de prix des produits Amazon"
"Amazon Product Type","Type de produit Amazon"
"Amazon Seller Id","ID vendeur Amazon"
"Amazon Store","Boutique Amazon"
"Amazon account details are not correct","Les informations du compte Amazon sont incorrectes"
"Amazon categories fetched successfully for your marketplace. Now click on ""Category Map"" menu to map categories for you marketplace.","Catégories Amazon récupérées avec succès pour votre place de marché. Cliquez maintenant sur le menu « Correspondance des catégories » pour associer les catégories de votre place de marché."
"Amazon order ","Commande Amazon "
"Amazon product type '%1' doesn't have definitions available yet.","Le type de produit Amazon « %1 » n’a pas encore de définitions disponibles."
"App Client ID from Seller Central","Client ID de l’application, depuis Seller Central"
"Are you sure want to delete?","Voulez-vous vraiment supprimer ?"
"Are you sure want to export magento product to Amazon as fulfillment by Amazon(FBA) ?","Voulez-vous vraiment exporter le produit Magento vers Amazon en « expédié par Amazon » (FBA) ?"
"Are you sure want to export magento product to Amazon as fulfillment by Merchant(FBM) ?","Voulez-vous vraiment exporter le produit Magento vers Amazon en « expédié par le vendeur » (FBM) ?"
"Assign Attribute to all AttributeSet","Affecter l’attribut à tous les jeux d’attributs"
"Assign to category","Affecter à la catégorie"
"Associate","Associer"
"At least one column must be defined.","Au moins une colonne doit être définie."
"Attribute Map","Correspondance des attributs"
"Attribute Map Information","Informations de correspondance des attributs"
"Attribute Mapping For Export","Correspondance des attributs pour l’export"
"Attribute mapping have been successfully saved.","La correspondance des attributs a bien été enregistrée."
"Categories Report is not ready at Amazon Marketplace, Please try after some time.","Le rapport des catégories n’est pas prêt sur la place de marché Amazon, veuillez réessayer plus tard."
"Category Attribute Map","Correspondance des attributs de catégorie"
"Category Attribute Mapping","Correspondance des attributs de catégorie"
"Category Map","Correspondance des catégories"
"Category Mapping","Correspondance des catégories"
"Create Imported Order In Store","Créer la commande importée dans la boutique"
"Create Imported Product","Créer le produit importé"
"Create Mapping","Créer la correspondance"
"Customer PII Access","Accès aux données personnelles des clients"
"Decrease","Diminuer"
"Default AttributeSet","Jeu d’attributs par défaut"
"Default Category","Catégorie par défaut"
"Default Website","Site web par défaut"
"Default Weight","Poids par défaut"
"Default category will be assign to amazon product.","La catégorie par défaut sera affectée aux produits Amazon."
"Default quantity will be assigned to product, when amazon product don't have quantity.","La quantité par défaut sera affectée au produit lorsque le produit Amazon n’a pas de quantité."
"Default store will be assigned to amazon orders.","La boutique par défaut sera affectée aux commandes Amazon."
"Default weight will be assigned to product, when amazon product don't have weight.","Le poids par défaut sera affecté au produit lorsque le produit Amazon n’a pas de poids."
"Delete Product From Amazon","Supprimer le produit d’Amazon"
"Delete Product From Catalog","Supprimer le produit du catalogue"
"Do you want to delete selected amazon account(s)?","Voulez-vous supprimer le(s) compte(s) Amazon sélectionné(s) ?"
"Do you want to delete selected record(s)?","Voulez-vous supprimer le(s) enregistrement(s) sélectionné(s) ?"
"Do you want to disable selected record(s)?","Voulez-vous désactiver le(s) enregistrement(s) sélectionné(s) ?"
"Do you want to enable selected record(s)?","Voulez-vous activer le(s) enregistrement(s) sélectionné(s) ?"
"Do your developer profile have access to customer Personally Identifiable Information?","Votre profil développeur a-t-il accès aux données personnelles des clients ?"
"Edit Amazon Account","Modifier le compte Amazon"
"Edit Amazon Account '%1'","Modifier le compte Amazon « %1 »"
"Edit Info","Modifier les informations"
"Edit Price Rule","Modifier la règle de prix"
"Edit Price Rule '%1'","Modifier la règle de prix « %1 »"
"Edit info","Modifier les informations"
"EndDate should be a DateTime object","EndDate doit être un objet DateTime"
"Error Msg","Message d’erreur"
"Export Product Image","Exporter l’image du produit"
"Export Product To Amazon","Exporter le produit vers Amazon"
"Export as FBA To Amazon","Exporter vers Amazon en FBA"
"Export as FBM To Amazon","Exporter vers Amazon en FBM"
"FBA : ","FBA : "
"FBM : ","FBM : "
"Feed Status","Statut du flux"
"Fetch categories","Récupérer les catégories"
"Fields mapped successfully!","Champs associés avec succès !"
"Finished Execution.","Exécution terminée."
"First, setup the amazon accounts. Then, you have to map the default accounts to be used with respective marketplaces. The mapped account will be used as default while fetching some common data for that marketplace like category attributes using the amazon api.","Configurez d’abord les comptes Amazon. Associez ensuite les comptes par défaut à utiliser pour chaque place de marché. Le compte associé sert par défaut à récupérer les données communes de la place de marché, comme les attributs de catégorie, via l’API Amazon."
"For Amazon ","Pour Amazon "
"From Amazon ","Depuis Amazon "
"Fulfillment Channel","Canal d’expédition"
"Generate Report Id","Générer l’ID de rapport"
"Generate report","Générer le rapport"
"Get All Images Of Product","Récupérer toutes les images du produit"
"Get Status","Obtenir le statut"
"Identifier Type for Product Export","Type d’identifiant pour l’export des produits"
"If set as 'Yes', only required category attributes will be allowed in Category Attribute Mapping and Export","Si « Oui », seuls les attributs de catégorie obligatoires sont autorisés dans la correspondance des attributs de catégorie et l’export"
"If yes, all images of the product will be imported.","Si oui, toutes les images du produit seront importées."
"If yes, inventory of products will also get updated on magento for orders imported from amazon.","Si oui, le stock des produits sera aussi mis à jour dans Magento pour les commandes importées depuis Amazon."
"If yes, product base image will also exported or revised to amazon.","Si oui, l’image de base du produit sera aussi exportée ou révisée sur Amazon."
"If yes, real time orders will be imported through cron.","Si oui, les commandes en temps réel seront importées par le cron."
"If yes, replacement orders will also be imported as a separate order on magento.","Si oui, les commandes de remplacement seront aussi importées comme commandes distinctes dans Magento."
"If yes, the new amazon category related product attributes will also get assigned to all available attribute sets.","Si oui, les nouveaux attributs produit liés aux catégories Amazon seront aussi affectés à tous les jeux d’attributs."
"If yes, then deleting product from mapped list will also delete that product from amazon.","Si oui, supprimer un produit de la liste des correspondances le supprimera aussi d’Amazon."
"If yes, then deleting product from mapped list will also delete that product from magento catalog.","Si oui, supprimer un produit de la liste des correspondances le supprimera aussi du catalogue Magento."
"If yes, updated product will be reflected at amazon.","Si oui, les modifications du produit seront répercutées sur Amazon."
"If you select without variation, then variation product will be treated as simple product at magento.","Si vous choisissez « sans déclinaison », les produits à déclinaisons seront traités comme des produits simples dans Magento."
"Import Amazon Categories","Importer les catégories Amazon"
"Import Order From Amazon","Importer les commandes d’Amazon"
"Import Product","Importer le produit"
"Import Product  From Amazon","Importer les produits d’Amazon"
"Import Product From Amazon","Importer les produits d’Amazon"
"Import Real Time Orders","Importer les commandes en temps réel"
"Import Replacement Orders","Importer les commandes de remplacement"
"Import/Create","Importer / créer"
"Importing ","Import en cours "
"Increase","Augmenter"
"Invalid Marketplace Id","ID de place de marché invalide"
"Invalid parameter.","Paramètre invalide."
"Invalid parameters.","Paramètres invalides."
"Invalidate data.","Données invalides."
"Inventory Source","Source de stock"
"Is exempt from supplier declared external product identifier","Exempté d’identifiant produit externe déclaré par le fournisseur"
"It will be used to create amazon category related product attributes as default.","Il servira par défaut à créer les attributs produit liés aux catégories Amazon."
"Listing Status","Statut de l’annonce"
"Lists","Listes"
"Magento Category","Catégorie Magento"
"Magento Order Id","ID de commande Magento"
"Magento Product Attribute","Attribut produit Magento"
"Magento Product Id","ID produit Magento"
"Manage Attribute map","Gérer la correspondance des attributs"
"Manage Info","Gérer les informations"
"Map Category","Associer la catégorie"
"Map Category For Import","Associer la catégorie pour l’import"
"Mapped Attribute","Attribut associé"
"Mapped Orders List","Liste des commandes associées"
"Mapped Products List","Liste des produits associés"
"Mapping Info","Informations de correspondance"
"Marketplace","Place de marché"
"Marketplace-wise Default Account","Compte par défaut par place de marché"
"New Amazon Account","Nouveau compte Amazon"
"New Info","Nouvelles informations"
"New Price Rule","Nouvelle règle de prix"
"No Amazon Order(s) Found","Aucune commande Amazon trouvée"
"No lising found on amazon.","Aucune annonce trouvée sur Amazon."
"No order to import.","Aucune commande à importer."
"No product to import.","Aucun produit à importer."
"Not Applicable","Non applicable"
"Not Assigned","Non affecté"
"Only Required Attributes for Product Export","Uniquement les attributs obligatoires pour l’export des produits"
"Operation Type","Type d’opération"
"Partially Shipped Order Status","Statut des commandes partiellement expédiées"
"Please choose a option for select import product.","Veuillez choisir une option pour le produit à importer."
"Please choose a option for select.","Veuillez choisir une option."
"Please configure currency options and currency rate as per your Amazon Marketplace currency.","Configurez les options et le taux de change selon la devise de votre place de marché Amazon."
"Please don't close or refresh the window while importing order(s).","Ne fermez pas et n’actualisez pas la fenêtre pendant l’import des commandes."
"Please don't close or refresh the window while importing product(s).","Ne fermez pas et n’actualisez pas la fenêtre pendant l’import des produits."
"Please first map the default account for the associated marketplace","Associez d’abord le compte par défaut de la place de marché concernée"
"Please first map the default account for the associated marketplace in configuration settings.","Associez d’abord le compte par défaut de la place de marché concernée dans la configuration."
"Please generate the report id first.","Veuillez d’abord générer l’ID de rapport."
"Please set product identifier code(UPC,EAN,ASIN etc) for the failed product(s).","Renseignez le code d’identifiant produit (UPC, EAN, ASIN, etc.) des produits en échec."
"Price Rule Applicable For","Règle de prix applicable à"
"Price Rule For Amazon Product","Règle de prix des produits Amazon"
"Price range already exist.","Cette tranche de prix existe déjà."
"Product %1 category is not mapped with any amazon category","La catégorie du produit %1 n’est associée à aucune catégorie Amazon"
"Product %1 not exported to amazon.","Produit %1 non exporté vers Amazon."
"Product Create","Création de produit"
"Product Description With HTML","Description du produit avec HTML"
"Product Identifier","Identifiant produit"
"Product Price From","Prix du produit à partir de"
"Product Price Rule","Règle de prix produit"
"Product Price To","Prix du produit jusqu’à"
"Product Report id already generated till %1, Regenerate report id for latest inventory.","L’ID de rapport produit a déjà été généré jusqu’au %1. Régénérez l’ID de rapport pour obtenir le stock à jour."
"Product Settings","Paramètres produit"
"Product Status","Statut du produit"
"Product Type","Type de produit"
"Product Value","Valeur du produit"
"Product price From","Prix du produit à partir de"
"Product price To","Prix du produit jusqu’à"
"Product report is not ready at Amazon Marketplace, Please try after some time.","Le rapport produit n’est pas prêt sur la place de marché Amazon, veuillez réessayer plus tard."
"Product rule will be applicable to the selected option and inversely applicable for the unselected option..","La règle s’applique à l’option sélectionnée, et inversement à l’option non sélectionnée."
"Product with HTML description content","Produit avec description HTML"
"Real Time Missed orders","Commandes en temps réel manquées"
"Records Updated","Enregistrements mis à jour"
"Refresh Token","Jeton de rafraîchissement"
"Report id already generated till %1, Regenerate report id for latest inventory.","L’ID de rapport a déjà été généré jusqu’au %1. Régénérez l’ID de rapport pour obtenir le stock à jour."
"Report id successfully generated till %1, Now click on ""Import Product From Amazon"" button to import product(s).","ID de rapport généré jusqu’au %1. Cliquez maintenant sur le bouton « Importer les produits d’Amazon » pour importer les produits."
"Report id successfully generated. Wait for some time, then select ""Fetch categories"" option to fetch categories.","ID de rapport généré. Patientez un peu, puis choisissez l’option « Récupérer les catégories »."
"Revise Amazon Product","Réviser le produit Amazon"
"Run Profile","Exécuter le profil"
"Run Profiler For Create Imported Orders","Exécuter le profil de création des commandes importées"
"Save Amazon Account","Enregistrer le compte Amazon"
"Save Attribute Map","Enregistrer la correspondance des attributs"
"Save Mapping","Enregistrer la correspondance"
"Save Product Price Rule","Enregistrer la règle de prix produit"
"Select Amazon Attribute","Sélectionnez un attribut Amazon"
"Select Import Product","Sélectionnez le produit à importer"
"Select Import Product type","Sélectionnez le type de produit à importer"
"Select Operation type","Sélectionnez le type d’opération"
"Select Store Attribute Related To Amazon Field","Sélectionnez l’attribut de la boutique correspondant au champ Amazon"
"Selected Source will be assigned to amazon products by default.","La source sélectionnée sera affectée par défaut aux produits Amazon."
"Selected status will be assigned to amazon order.","Le statut sélectionné sera affecté aux commandes Amazon."
"Selected website will be assigned to your product and orders.","Le site web sélectionné sera affecté à vos produits et commandes."
"Seller Id","ID vendeur"
"Set unique store name for your account","Donnez un nom de boutique unique à votre compte"
"Shipped Order Status","Statut des commandes expédiées"
"Skip the product","Ignorer le produit"
"Some of super attribute is Not Valid for product ","Certains super-attributs ne sont pas valides pour le produit "
"Something went wrong while fetching the categories information.","Une erreur est survenue lors de la récupération des informations des catégories."
"Something went wrong, please check error log.","Une erreur est survenue, consultez le journal des erreurs."
"Something went wrong, please check log files.","Une erreur est survenue, consultez les fichiers journaux."
"StartDate should be a DateTime object","StartDate doit être un objet DateTime"
"Starting Execution","Début de l’exécution"
"Stock Item with product_id ""%1"" does not exist.","L’article de stock de product_id « %1 » n’existe pas."
"Store Category","Catégorie de la boutique"
"Store Name Already Taken","Ce nom de boutique est déjà pris"
"Sync Date","Date de synchronisation"
"The CategoryField with the ""%1"" ID doesn't exist.","Le CategoryField d’ID « %1 » n’existe pas."
"The corresponding Client Secret","Le Client Secret correspondant"
"There is error in the reports. Please generate report again","Les rapports contiennent une erreur. Veuillez générer à nouveau le rapport"
"This Amazon account no longer exists.","Ce compte Amazon n’existe plus."
"This Amazon price rule no longer exists.","Cette règle de prix Amazon n’existe plus."
"This account no longer exists.","Ce compte n’existe plus."
"This rule is no longer exist.","Cette règle n’existe plus."
"To Fetch Amazon Categories Data","Pour récupérer les données des catégories Amazon"
"To Get Status of Exported Products","Pour obtenir le statut des produits exportés"
"To Import Products from Amazon","Pour importer les produits d’Amazon"
"Unshipped Order Status","Statut des commandes non expédiées"
"Update Inventory on Order Import","Mettre à jour le stock à l’import des commandes"
"Update as FBA To Amazon","Mettre à jour vers Amazon en FBA"
"Update as FBM To Amazon","Mettre à jour vers Amazon en FBM"
"Use Attribute Map","Utiliser la correspondance des attributs"
"Wrong column name specified.","Nom de colonne incorrect."
"You saved Amazon Product Price Rule.","Vous avez enregistré la règle de prix des produits Amazon."
"You saved the amazon seller account detail.","Vous avez enregistré les informations du compte vendeur Amazon."
"order id ","ID de commande "
"price should contain only decimal numbers","Le prix ne doit contenir que des nombres décimaux"
"price_from should contain only decimal numbers","price_from ne doit contenir que des nombres décimaux"
"price_to should contain only decimal numbers","price_to ne doit contenir que des nombres décimaux"
"select","sélectionner"
"something went wrong","une erreur est survenue"
