"%1 Attributes","Attributs %1"
"%1 Export","Export %1"
"%1 Export Profile","Profil d’export %1"
"%1 Filters","Filtres %1"
"%1 Status","Statut %1"
"%1 profiles have been added, %2 profiles have been updated, %3 destinations have been added, %4 destinations have been updated.","%1 profils ajoutés, %2 profils mis à jour, %3 destinations ajoutées, %4 destinations mises à jour."
"--- All Statuses ---","--- Tous les statuts ---"
"--- All Store Views ---","--- Toutes les vues magasin ---"
"--- All statuses ---","--- Tous les statuts ---"
"--- No Change ---","--- Aucun changement ---"
"--- No hidden product types ---","--- Aucun type de produit masqué ---"
"--- Please Select ---","--- Veuillez sélectionner ---"
"--- Select Frequency ---","--- Sélectionnez la fréquence ---"
"--- Select Profile---","--- Sélectionnez le profil ---"
"0 %1s have been exported.","0 %1(s) exporté(s)."
"<b>Instructions</b>: To export data to a HTTP server, please follow the following steps:<br>1) Go into the <i>app/code/Xtento/OrderExport/Model/Destination/</i> directory and rename the file ""Http.php.sample"" to ""Http.php""<br>2) Enter the function name you want to call in the Http.php class in the field below.<br>3) Open the Http.php file and add a function that matches the function name you entered. This function will be called by this destination upon exporting then.<br><br><b>Example:</b> If you enter server1 in the function name field below, a method called server1($fileArray) must exist in the Http.php file. This way multiple HTTP servers can be added to the HTTP class, and can be called from different export destination, separated by the function name that is called. The function you add then gets called whenever this destination is executed by an export profile.","<b>Instructions</b> : pour exporter les données vers un serveur HTTP, suivez ces étapes :<br>1) Allez dans le dossier <i>app/code/Xtento/OrderExport/Model/Destination/</i> et renommez le fichier « Http.php.sample » en « Http.php »<br>2) Saisissez dans le champ ci-dessous le nom de la fonction à appeler dans la classe Http.php.<br>3) Ouvrez le fichier Http.php et ajoutez une fonction portant le nom saisi. Cette destination l’appellera ensuite à chaque export.<br><br><b>Exemple :</b> si vous saisissez server1 dans le champ du nom de fonction ci-dessous, une méthode server1($fileArray) doit exister dans le fichier Http.php. Vous pouvez ainsi ajouter plusieurs serveurs HTTP à la classe HTTP et les appeler depuis différentes destinations d’export, distinguées par le nom de la fonction appelée. La fonction ajoutée est appelée chaque fois qu’un profil d’export exécute cette destination."
"<b>Instructions</b>: To export data to a webservice, please follow the following steps:<br>1) Go into the <i>app/code/Xtento/OrderExport/Model/Destination/</i> directory and rename the file ""Webservice.php.sample"" to ""Webservice.php""<br>2) Enter the function name you want to call in the Webservice.php class in the field below.<br>3) Open the Webservice.php file and add a function that matches the function name you entered. This function will be called by this destination upon exporting then.<br><br><b>Example:</b> If you enter server1 in the function name field below, a method called server1($fileArray) must exist in the Webservice.php file. This way multiple webservices can be added to the Webservice class, and can be called from different export destination, separated by the function name that is called. The function you add then gets called whenever this destination is executed by an export profile.","<b>Instructions</b> : pour exporter les données vers un service web, suivez ces étapes :<br>1) Allez dans le dossier <i>app/code/Xtento/OrderExport/Model/Destination/</i> et renommez le fichier « Webservice.php.sample » en « Webservice.php »<br>2) Saisissez dans le champ ci-dessous le nom de la fonction à appeler dans la classe Webservice.php.<br>3) Ouvrez le fichier Webservice.php et ajoutez une fonction portant le nom saisi. Cette destination l’appellera ensuite à chaque export.<br><br><b>Exemple :</b> si vous saisissez server1 dans le champ du nom de fonction ci-dessous, une méthode server1($fileArray) doit exister dans le fichier Webservice.php. Vous pouvez ainsi ajouter plusieurs services web à la classe Webservice et les appeler depuis différentes destinations d’export, distinguées par le nom de la fonction appelée. La fonction ajoutée est appelée chaque fois qu’un profil d’export exécute cette destination."
"<b>Note:</b> You can select profiles and destinations to export here, and later on import them into another Magento installation for example.","<b>Remarque :</b> vous pouvez sélectionner ici des profils et des destinations à exporter, pour les importer plus tard dans une autre installation Magento par exemple."
"<b>Note:</b> You can upload previously exported settings and import them here. Passwords for destinations must be entered again, they won't be imported.","<b>Remarque :</b> vous pouvez téléverser ici des paramètres exportés précédemment pour les importer. Les mots de passe des destinations ne sont pas importés et doivent être saisis à nouveau."
"<info>%1 profiles have been added, %2 profiles have been updated, %3 destinations have been added, %4 destinations have been updated.<info>","<info>%1 profils ajoutés, %2 profils mis à jour, %3 destinations ajoutées, %4 destinations mises à jour.<info>"
"<strong>Important</strong>: Only SFTPv3 servers are supported. Please make sure the server you're trying to connect to is a SFTPv3 server.","<strong>Important</strong> : seuls les serveurs SFTPv3 sont pris en charge. Vérifiez que le serveur auquel vous vous connectez est un serveur SFTPv3."
"<strong>Important</strong>: To use cron job exports, please make sure the Magento cronjob has been set up as explained <a href=""http://support.xtento.com/wiki/Setting_up_the_Magento_cronjob_(Magento_2)"" target=""_blank"">here</a>.","<strong>Important</strong> : pour utiliser les exports par cron, vérifiez que la tâche cron de Magento est configurée comme expliqué <a href=""http://support.xtento.com/wiki/Setting_up_the_Magento_cronjob_(Magento_2)"" target=""_blank"">ici</a>."
"<strong>Only change the below settings if instructed by a XTENTO representative.</strong> These are fixes/patches that can be enabled, which are required only in SOME Magento environments.","<strong>Ne modifiez les paramètres ci-dessous que sur instruction d’un représentant XTENTO.</strong> Ce sont des correctifs activables, nécessaires seulement dans CERTAINS environnements Magento."
"A custom cron expression can be entered here. Make sure to set ""Cronjob Frequency"" to ""Use custom frequency"" if you want to enter a custom cron expression here. To set up multiple cronjobs, separate multiple cron expressions by a semi-colon ; Example: */5 * * * *;0 3 * * * ","Vous pouvez saisir ici une expression cron personnalisée. Dans ce cas, réglez « Fréquence du cron » sur « Utiliser une fréquence personnalisée ». Pour plusieurs tâches cron, séparez les expressions par un point-virgule ; exemple : */5 * * * *;0 3 * * * "
"Add New Destination","Ajouter une destination"
"Add New Profile","Ajouter un profil"
"Add comment to status history","Ajouter un commentaire à l’historique des statuts"
"Additional filters: Export %1 only if the following conditions are met","Filtres supplémentaires : exporter %1 uniquement si les conditions suivantes sont remplies"
"After credit memo creation (Event: sales_order_creditmemo_save_after)","Après la création d’un avoir (événement : sales_order_creditmemo_save_after)"
"After customer account gets modified","Après la modification du compte client"
"After customer address gets modified","Après la modification d’une adresse client"
"After customer signs up","Après l’inscription du client"
"After invoice creation (Event: sales_order_invoice_register)","Après la création d’une facture (événement : sales_order_invoice_register)"
"After invoice has been paid (Event: sales_order_invoice_pay)","Après le paiement d’une facture (événement : sales_order_invoice_pay)"
"After order address is edited in admin (Event: admin_sales_order_address_update)","Après la modification de l’adresse de commande dans l’admin (événement : admin_sales_order_address_update)"
"After order creation (Event: xtento_orderexport_sales_order_service_place_after)","Après la création d’une commande (événement : xtento_orderexport_sales_order_service_place_after)"
"After order modification (Event: sales_order_save_after)","Après la modification d’une commande (événement : sales_order_save_after)"
"After order placement completed (Event: sales_order_payment_place_end)","Après la finalisation de la commande (événement : sales_order_payment_place_end)"
"After shipment creation (Event: sales_order_shipment_save_after)","Après la création d’une expédition (événement : sales_order_shipment_save_after)"
"All exports are logged here. Find failed exports or download exported files.","Tous les exports sont journalisés ici. Retrouvez les exports en échec ou téléchargez les fichiers exportés."
"All fields in a XML file","Tous les champs dans un fichier XML"
"Alternative Event: After order creation (Event: sales_order_place_after)","Événement alternatif : après la création d’une commande (événement : sales_order_place_after)"
"An error occured. Please reload this page or run the export WITHOUT the ""Serve file to browser after exporting"" option to see the real error message.","Une erreur est survenue. Rechargez cette page ou lancez l’export SANS l’option « Envoyer le fichier au navigateur après l’export » pour voir le vrai message d’erreur."
"An error occurred while saving this export destination: %1","Une erreur est survenue lors de l’enregistrement de cette destination d’export : %1"
"An error occurred while saving this export profile: %1","Une erreur est survenue lors de l’enregistrement de ce profil d’export : %1"
"Are you sure? These objects will eventually be re-exported.","Êtes-vous sûr ? Ces objets seront exportés à nouveau."
"Assign a name to identify this destination in logs/profiles.","Donnez un nom pour identifier cette destination dans les journaux et les profils."
"Attach exported files to email","Joindre les fichiers exportés à l’e-mail"
"Attention: The installed extension version is not compatible with the Enterprise Edition of Magento. The compatibility of the currently installed extension version has only been confirmed with the Community Edition of Magento. Please go to <a href=""https://www.xtento.com"" target=""_blank"">www.xtento.com</a> to purchase or download the Enterprise Edition of this extension in our store if you've already purchased it.","Attention : la version installée de l’extension n’est pas compatible avec l’édition Enterprise de Magento. Sa compatibilité n’a été confirmée qu’avec l’édition Community. Rendez-vous sur <a href=""https://www.xtento.com"" target=""_blank"">www.xtento.com</a> pour acheter l’édition Enterprise de cette extension, ou la télécharger depuis notre boutique si vous l’avez déjà achetée."
"Automatic Export","Export automatique"
"Billing Country","Pays de facturation"
"Billing Postcode","Code postal de facturation"
"Billing Region","Région de facturation"
"Billing State/Province","État / province de facturation"
"Cancel / Start With Empty Profile","Annuler / partir d’un profil vide"
"Change %1 status after export","Changer le statut de %1 après l’export"
"Change %1 status to X after exporting.","Passer le statut de %1 à X après l’export."
"Change order status after export","Changer le statut de la commande après l’export"
"Collapse all fields","Replier tous les champs"
"Comment is added to the order status history after the order has been exported. Attention: This only works if the order status you're changing to is assigned to an order ""state"" at Stores > Order Status.","Un commentaire est ajouté à l’historique des statuts une fois la commande exportée. Attention : cela ne fonctionne que si le statut cible est associé à un « état » de commande dans Magasins > Statuts de commande."
"Compatibility Mode & Fixes","Mode de compatibilité et correctifs"
"Connection to SFTP server failed (make sure no firewall is blocking the connection). This error could also be caused by a wrong login for the SFTP server. %1","La connexion au serveur SFTP a échoué (vérifiez qu’aucun pare-feu ne bloque la connexion). Cette erreur peut aussi venir d’identifiants SFTP incorrects. %1"
"Connection with FTP server tested successfully.","Connexion au serveur FTP testée avec succès."
"Connection with SFTP server tested successfully.","Connexion au serveur SFTP testée avec succès."
"Could not change directory on FTP server to export directory. Please make sure the directory exists (base path must be exactly the same) and that we have rights to read in the directory. %1","Impossible d’accéder au dossier d’export sur le serveur FTP. Vérifiez que le dossier existe (le chemin de base doit être exactement le même) et que nous avons le droit de lire dans ce dossier. %1"
"Could not change directory on SFTP server to import directory. Please make sure the directory exists and that we have rights to read in the directory. %1","Impossible d’accéder au dossier d’import sur le serveur SFTP. Vérifiez que le dossier existe et que nous avons le droit de lire dans ce dossier. %1"
"Could not connect to FTP server. Please make sure that there is no firewall blocking the outgoing connection to the FTP server and that the timeout is set to a high enough value. If this error keeps occurring, please get in touch with your server hoster / server administrator AND with the server hoster / server administrator of the remote FTP server. A firewall is probably blocking ingoing/outgoing FTP connections. %1","Connexion au serveur FTP impossible. Vérifiez qu’aucun pare-feu ne bloque la connexion sortante vers le serveur FTP et que le délai d’expiration est suffisant. Si l’erreur persiste, contactez votre hébergeur / administrateur serveur ET celui du serveur FTP distant : un pare-feu bloque probablement les connexions FTP entrantes ou sortantes. %1"
"Could not connect to SFTP server. Please make sure that there is no firewall blocking the outgoing connection to the SFTP server and that the timeout is set to a high enough value. If this error keeps occurring, please get in touch with your server hoster / server administrator AND with the server hoster / server administrator of the remote SFTP server. A firewall is probably blocking ingoing/outgoing SFTP connections.","Connexion au serveur SFTP impossible. Vérifiez qu’aucun pare-feu ne bloque la connexion sortante vers le serveur SFTP et que le délai d’expiration est suffisant. Si l’erreur persiste, contactez votre hébergeur / administrateur serveur ET celui du serveur SFTP distant : un pare-feu bloque probablement les connexions SFTP entrantes ou sortantes."
"Could not create a temporary file for XSL processing.","Impossible de créer un fichier temporaire pour le traitement XSL."
"Could not find any data to save in the POST request. POST request too long maybe?","Aucune donnée à enregistrer dans la requête POST. Requête POST trop longue ?"
"Could not find export entity ""%1""","Entité d’export « %1 » introuvable"
"Could not generate temporary file in tmp folder to store ZIP file. Please contact your hoster and make sure the PHP ""tmp"" (tempnam(sys_get_temp_dir())) directory is writable. ZIP creation failed.","Impossible de créer un fichier temporaire dans le dossier tmp pour stocker le fichier ZIP. Contactez votre hébergeur et vérifiez que le dossier « tmp » de PHP (tempnam(sys_get_temp_dir())) est accessible en écriture. Échec de la création du ZIP."
"Could not load internally processed XML. Bad data maybe?","Impossible de charger le XML traité en interne. Données incorrectes ?"
"Could not log into FTP server. Wrong username or password. %1","Connexion au serveur FTP impossible : identifiant ou mot de passe incorrect. %1"
"Could not open local export directory for writing. Please make sure that we have rights to read and write in the directory: %1","Impossible d’ouvrir en écriture le dossier d’export local. Vérifiez que nous avons le droit de lire et d’écrire dans le dossier : %1"
"Could not read temporary XML data for XSL processing.","Impossible de lire les données XML temporaires pour le traitement XSL."
"Could not save file %1 in directory %2 on SFTP server %3. Please make sure the directory is writable. Also please make sure that there is no firewall blocking the outgoing connection to the SFTP server. If this error keeps occurring, please get in touch with your server hoster / server administrator AND with the server hoster / server administrator of the remote SFTP server, so they can adjust the firewall. %4","Impossible d’enregistrer le fichier %1 dans le dossier %2 du serveur SFTP %3. Vérifiez que le dossier est accessible en écriture et qu’aucun pare-feu ne bloque la connexion sortante vers le serveur SFTP. Si l’erreur persiste, contactez votre hébergeur / administrateur serveur ET celui du serveur SFTP distant pour qu’ils ajustent le pare-feu. %4"
"Could not save file %1 in directory %2. Please make sure the directory is writable. %3","Impossible d’enregistrer le fichier %1 dans le dossier %2. Vérifiez que le dossier est accessible en écriture. %3"
"Could not write temporary XML data for XSL processing.","Impossible d’écrire les données XML temporaires pour le traitement XSL."
"Create Export Destination (/var/salesexport/)","Créer la destination d’export (/var/salesexport/)"
"Created during the last X days","Créés au cours des X derniers jours"
"Cron doesn't seem to be set up at all. Cron did not execute within the last 15 minutes.","Le cron ne semble pas configuré du tout : il ne s’est pas exécuté au cours des 15 dernières minutes."
"Cron doesn't seem to be set up properly. Cron did not execute within the last 15 minutes. Last execution was %1 seconds ago.","Le cron ne semble pas correctement configuré : il ne s’est pas exécuté au cours des 15 dernières minutes. Dernière exécution il y a %1 secondes."
"Cron seems to be running properly. Seconds since last execution: %1","Le cron semble fonctionner correctement. Secondes depuis la dernière exécution : %1"
"Cron status wasn't checked yet. Please check back in 30 minutes.","Le statut du cron n’a pas encore été vérifié. Revenez dans 30 minutes."
"Cronjob Export","Export par cron"
"Cronjob Status","Statut du cron"
"Cronjob status: Cron doesn't seem to be set up at all. Cron did not execute within the last 15 minutes. Please make sure to set up the cronjob as explained <a href=""http://support.xtento.com/wiki/Setting_up_the_Magento_cronjob_(Magento_2)"" target=""_blank"">here</a> and check the cron status 15 minutes after setting up the cronjob properly again.","Statut du cron : le cron ne semble pas configuré du tout ; il ne s’est pas exécuté au cours des 15 dernières minutes. Configurez la tâche cron comme expliqué <a href=""http://support.xtento.com/wiki/Setting_up_the_Magento_cronjob_(Magento_2)"" target=""_blank"">ici</a>, puis vérifiez à nouveau son statut 15 minutes après."
"Cronjob status: Cron doesn't seem to be set up properly. Cron did not execute within the last 15 minutes. Please make sure to set up the cronjob as explained <a href=""http://support.xtento.com/wiki/Setting_up_the_Magento_cronjob_(Magento_2)"" target=""_blank"">here</a> and check the cron status 15 minutes after setting up the cronjob properly again.","Statut du cron : le cron ne semble pas correctement configuré ; il ne s’est pas exécuté au cours des 15 dernières minutes. Configurez la tâche cron comme expliqué <a href=""http://support.xtento.com/wiki/Setting_up_the_Magento_cronjob_(Magento_2)"" target=""_blank"">ici</a>, puis vérifiez à nouveau son statut 15 minutes après."
"Custom Carrier","Transporteur personnalisé"
"Custom Class","Classe personnalisée"
"Custom Class Identifier","Identifiant de la classe personnalisée"
"Custom Export Frequency","Fréquence d’export personnalisée"
"Custom Function","Fonction personnalisée"
"Custom Type Configuration","Configuration du type personnalisé"
"Custom class NOT found.","Classe personnalisée INTROUVABLE."
"Custom class found and ready to use.","Classe personnalisée trouvée et prête à l’emploi."
"Daily (at midnight)","Quotidien (à minuit)"
"Data is based on","Les données reposent sur"
"Date Range from","Période du"
"Date Range to","Période au"
"Debug E-Mail","E-mail de débogage"
"Debug Information","Informations de débogage"
"Debug Mode Enabled","Mode débogage activé"
"Debug Section","Section de débogage"
"Default Port: %1","Port par défaut : %1"
"Default value: No. If enabled, the (local) IP address returned by the FTP server will be ignored (useful for servers behind NAT) and instead the servers public IP address will be used. Can help with ""Operation now in progress"" errors or other directory listing/transfer issues.","Valeur par défaut : Non. Si activé, l’adresse IP (locale) renvoyée par le serveur FTP est ignorée (utile derrière un NAT) au profit de l’adresse IP publique du serveur. Peut résoudre les erreurs « Operation now in progress » ou d’autres problèmes de listage ou de transfert."
"Delete Destination","Supprimer la destination"
"Delete Entries","Supprimer les entrées"
"Delete Profile","Supprimer le profil"
"Delete entry","Supprimer l’entrée"
"Destination ""%1"" (ID: %2): %3","Destination « %1 » (ID : %2) : %3"
"Destination ID","ID de la destination"
"Destination Settings","Paramètres de la destination"
"Destination has been deleted successfully.","La destination a bien été supprimée."
"Detailed Error","Erreur détaillée"
"Disable Cronjob Warning","Désactiver l’avertissement du cron"
"Discounts/Promotions","Remises / promotions"
"Do you want to save exported files on the configured export destinations when exporting manually? Or do you just want them to be saved on the configured export destinations for automatic exports?","Voulez-vous enregistrer les fichiers exportés sur les destinations configurées lors d’un export manuel ? Ou seulement lors des exports automatiques ?"
"Download file(s)","Télécharger le(s) fichier(s)"
"Duplicate Profile","Dupliquer le profil"
"E-Mail BCC","E-mail en copie cachée (Cci)"
"E-Mail Export Configuration","Configuration de l’export par e-mail"
"E-Mail From Address","Adresse e-mail de l’expéditeur"
"E-Mail Recipient Address","Adresse e-mail du destinataire"
"E-Mail Recipient(s)","Destinataire(s) de l’e-mail"
"E-Mail Subject","Objet de l’e-mail"
"E-Mail Text","Texte de l’e-mail"
"Edit %1 Export Profile '%2'","Modifier le profil d’export %1 « %2 »"
"Edit Destination","Modifier la destination"
"Edit Profile","Modifier le profil"
"Email text (body text). Available variables: %d%, %m%, %y%, %Y%, %h%, %i%, %s%, %exportid%, %lastexportedincrementid%, %recordcount%, %content% (%content% contains the data generated by the export)","Texte de l’e-mail (corps). Variables disponibles : %d%, %m%, %y%, %Y%, %h%, %i%, %s%, %exportid%, %lastexportedincrementid%, %recordcount%, %content% (%content% contient les données générées par l’export)"
"Empty (no value set)","Vide (aucune valeur)"
"Enable Cronjob Export","Activer l’export par cron"
"Enable Passive Mode","Activer le mode passif"
"Enabled For Profile","Activé pour le profil"
"Ending ID","ID de fin"
"Enter BCC recipients who should receive a blind copy of the email. Separate multiple emails using commas.","Destinataires en copie cachée de l’e-mail. Séparez les adresses par des virgules."
"Enter the email address that should be set as the sender of the email. If you need to specify the ""From"" name, enter the e-mail address in this format: some@email.com|Some Sender Name","Adresse e-mail de l’expéditeur. Pour préciser le nom de l’expéditeur, utilisez ce format : some@email.com|Some Sender Name"
"Enter the email address where exports should be sent to. Separate multiple emails using commas.","Adresse e-mail à laquelle envoyer les exports. Séparez les adresses par des virgules."
"Entity ID","ID de l’entité"
"Entity: %1","Entité : %1"
"Error while sending email: %1","Erreur lors de l’envoi de l’e-mail : %1"
"Error: %1","Erreur : %1"
"Event Export","Export sur événement"
"Event-based Export","Export déclenché par un événement"
"Every 10 minutes","Toutes les 10 minutes"
"Every 15 minutes","Toutes les 15 minutes"
"Every 2 hours","Toutes les 2 heures"
"Every 20 minutes","Toutes les 20 minutes"
"Every hour","Toutes les heures"
"Execution Log","Journal d’exécution"
"Expand all fields","Déplier tous les champs"
"Export %1","Exporter %1"
"Export Destination","Destination d’export"
"Export Destinations","Destinations d’export"
"Export Directory","Dossier d’export"
"Export Events","Événements d’export"
"Export Frequency","Fréquence d’export"
"Export History","Historique des exports"
"Export Profile","Profil d’export"
"Export Profiles","Profils d’export"
"Export Type","Type d’export"
"Export destinations control where exported files are sent to. Set up local directory, FTP, SFTP, etc. destinations and enable them in the export profiles ""Export Destinations"" tab.","Les destinations d’export déterminent où sont envoyés les fichiers exportés. Configurez des destinations (dossier local, FTP, SFTP, etc.) et activez-les dans l’onglet « Destinations d’export » des profils d’export."
"Export each %1 separately","Exporter chaque %1 séparément"
"Export empty files","Exporter les fichiers vides"
"Export of %1 %2s completed successfully in %3 seconds. Click <a href=""%4"">here</a> to download exported files.","Export de %1 %2(s) terminé avec succès en %3 secondes. Cliquez <a href=""%4"">ici</a> pour télécharger les fichiers exportés."
"Export of %1 %2s finished in %3 seconds.","Export de %1 %2(s) terminé en %3 secondes."
"Export only %1s created after date X (including day X).","Exporter uniquement les %1s créé(e)s après la date X (jour X inclus)."
"Export only %1s created before date X (including day X).","Exporter uniquement les %1s créé(e)s avant la date X (jour X inclus)."
"Export only %1s created during the last X days (including day X). Only enter numbers here, nothing else. Leave empty if no ""created during the last X days"" filter should be applied. Minimum value: 0","Exporter uniquement les %1s créé(e)s au cours des X derniers jours (jour X inclus). Saisissez uniquement un nombre. Laissez vide pour ne pas appliquer ce filtre. Valeur minimale : 0"
"Export only %1s which have been created at least X minutes ago. Only enter numbers here, nothing else. Leave empty if no filter should be applied. Minimum value: 1","Exporter uniquement les %1s créé(e)s il y a au moins X minutes. Saisissez uniquement un nombre. Laissez vide pour ne pas appliquer ce filtre. Valeur minimale : 1"
"Export only %1s with status X. Hold down CTRL to select multiple.","Exporter uniquement les %1s au statut X. Maintenez CTRL pour en sélectionner plusieurs."
"Export only new %1s","Exporter uniquement les nouveaux %1s"
"Export only not yet exported objects","Exporter uniquement les objets pas encore exportés"
"Export started...","Export lancé…"
"Export type not specified.","Type d’export non précisé."
"Exported At","Exporté le"
"Exported Files","Fichiers exportés"
"Exported in merged export mode.","Exporté en mode fusionné."
"Exported objects get logged here. You can see when an object was exported. Look up the execution log entry to see why. You can also delete objects here and have them re-exported if ""Export only new objects"" is set to ""Yes"".","Les objets exportés sont journalisés ici : vous voyez quand chacun a été exporté, et le journal d’exécution explique pourquoi. Vous pouvez aussi supprimer des objets ici pour qu’ils soient exportés à nouveau si « Exporter uniquement les nouveaux objets » vaut « Oui »."
"Exporting... Please wait...","Export en cours… Veuillez patienter…"
"Extension Configuration","Configuration de l’extension"
"Extensions and Notifications","Extensions et notifications"
"FTP Configuration","Configuration FTP"
"FTP Server","Serveur FTP"
"FTPS is only available if PHP has been compiled with OpenSSL support. Only some server versions are supported, support is limited by PHP.","FTPS n’est disponible que si PHP est compilé avec OpenSSL. Seules certaines versions de serveur sont prises en charge ; la prise en charge dépend de PHP."
"Fields available for export","Champs disponibles à l’export"
"File could not be deleted, probably a permissions issue or file has been deleted already: %1","Le fichier n’a pas pu être supprimé, probablement un problème de droits, ou il a déjà été supprimé : %1"
"File not found in local backup directory: %1 (Log ID: %2)","Fichier introuvable dans le dossier de sauvegarde local : %1 (ID du journal : %2)"
"Filters / Actions","Filtres / actions"
"Get Help","Obtenir de l’aide"
"Grid Export","Export de grille"
"HTTP Configuration","Configuration HTTP"
"HTTP Server","Serveur HTTP"
"Hidden Product Types","Types de produits masqués"
"History ID","ID de l’historique"
"History entry has been deleted successfully.","L’entrée d’historique a bien été supprimée."
"Hold down the CTRL key to select multiple notifications.","Maintenez la touche CTRL pour sélectionner plusieurs notifications."
"How often should the export be executed?","À quelle fréquence l’export doit-il s’exécuter ?"
"I'd like to receive updates about","Je souhaite recevoir des nouvelles concernant"
"IP or Hostname","IP ou nom d’hôte"
"If ""Invoice order after exporting"" is enabled, the customer would receive an email after the invoice has been created.","Si « Facturer la commande après l’export » est activé, le client recevra un e-mail après la création de la facture."
"If ""Ship order after exporting"" is enabled, the customer would receive an email after the shipment has been created.","Si « Expédier la commande après l’export » est activé, le client recevra un e-mail après la création de l’expédition."
"If %1 %2 %3 for a subselection of items matching %4 of these conditions:","Si %1 %2 %3 pour une sous-sélection d’articles correspondant à %4 de ces conditions :"
"If an item is %1 with %2 of these conditions true:","Si un article est %1 avec %2 de ces conditions vraies :"
"If enabled, after exporting, the order would be invoiced and the payment would be captured.","Si activé, la commande sera facturée et le paiement capturé après l’export."
"If enabled, after exporting, the order would be shipped.","Si activé, la commande sera expédiée après l’export."
"If enabled, each file generated by the profile will send a separate email with just that single file as the attachment. Thus, 10 generated files = 10 emails.","Si activé, chaque fichier généré par le profil est envoyé dans un e-mail distinct, avec ce seul fichier en pièce jointe. 10 fichiers générés = 10 e-mails."
"If set to ""No"", this profile won't show up for manual exports at Sales > Sales Export > Manual Export.","Si « Non », ce profil n’apparaît pas pour les exports manuels dans Ventes > Export des ventes > Export manuel."
"If set to ""Yes"", this will cancel the order after the profile has been executed.","Si « Oui », la commande sera annulée après l’exécution du profil."
"If set to yes, each %1 exported would be saved in a separate file. This means, for every %2 you export, one file will be created, with just the one %3 in there. If set to no, one file will be created with all the exported %4s in there.","Si oui, chaque %1 exporté(e) est enregistré(e) dans un fichier distinct : pour chaque %2 exporté(e), un fichier est créé ne contenant que ce(tte) %3. Si non, un seul fichier est créé avec tous les %4s exporté(e)s."
"If set to yes, every export will create a file. Even if 0 %1s have been exported, an empty export file will be created.","Si oui, chaque export crée un fichier : même si 0 %1s ont été exporté(e)s, un fichier d’export vide est créé."
"If set to yes, local copies of the exported files will be saved in the ./var/export_bkp/ folder. If set to no, you won't be able to download old export files from the export/execution log.","Si oui, des copies locales des fichiers exportés sont enregistrées dans le dossier ./var/export_bkp/. Si non, vous ne pourrez pas télécharger les anciens fichiers d’export depuis le journal d’export / d’exécution."
"If you want to initiate the export directly after a certain event has been dispatched in Magento, select the appropriate events here. One export per event will be created.","Pour lancer l’export dès qu’un événement est déclenché dans Magento, sélectionnez ici les événements voulus. Un export est créé par événement."
"If your server is behind a firewall, or if the extension has problems uploading the exported files, please set this to ""Yes"".","Si votre serveur est derrière un pare-feu, ou si l’extension a du mal à téléverser les fichiers exportés, réglez cette option sur « Oui »."
"Import failed. Decoding of JSON import format failed.","Échec de l’import : le décodage du format d’import JSON a échoué."
"Increment ID","Numéro incrémental"
"Invoice order after exporting","Facturer la commande après l’export"
"It is not allowed to save export files in the directory you have specified. Please change the local export directory to be located in the ./var/ folder for example. Do not use the Magento root directory for example.","Il n’est pas permis d’enregistrer des fichiers d’export dans le dossier indiqué. Placez par exemple le dossier d’export local dans le dossier ./var/, et n’utilisez pas la racine de Magento."
"Item Attribute","Attribut d’article"
"Item Filters","Filtres d’articles"
"Last Export","Dernier export"
"Last Modification","Dernière modification"
"Last Result","Dernier résultat"
"Last Result Message","Message du dernier résultat"
"Leave empty or select all to export any store. Hold CTRL on your keyboard to pick specific stores.","Laissez vide ou sélectionnez tout pour exporter tous les magasins. Maintenez CTRL pour choisir des magasins précis."
"Load Profile","Charger le profil"
"Load Sample Profile","Charger un profil d’exemple"
"Local Directory","Dossier local"
"Local Directory Configuration","Configuration du dossier local"
"Local directory didn't exist and was created successfully. Connection tested successfully.","Le dossier local n’existait pas et a été créé. Connexion testée avec succès."
"Local directory exists and is writable. Connection tested successfully.","Le dossier local existe et est accessible en écriture. Connexion testée avec succès."
"Log / Export ID","ID du journal / de l’export"
"Log Entry","Entrée du journal"
"Log ID","ID du journal"
"Log entry has been deleted successfully.","L’entrée du journal a bien été supprimée."
"Looking for certain fields or field names? Please use the ""Show fields available for export"" function.","Vous cherchez certains champs ou noms de champs ? Utilisez la fonction « Afficher les champs disponibles à l’export »."
"Magento Commerce RMA","RMA Magento Commerce"
"Manual Export","Export manuel"
"Manual Export Settings","Paramètres de l’export manuel"
"Manual Export enabled","Export manuel activé"
"Misc. %1 Attributes","Attributs divers de %1"
"Module Enabled","Module activé"
"New Destination","Nouvelle destination"
"New Extensions","Nouvelles extensions"
"New Profile","Nouveau profil"
"New Sales Export Profile","Nouveau profil d’export des ventes"
"No %1s to export specified.","Aucun(e) %1 à exporter n’a été indiqué(e)."
"No <files><file></file></files> markup found in XSL Template. Please repair your XSL Template.","Aucune balise <files><file></file></files> trouvée dans le modèle XSL. Veuillez corriger votre modèle XSL."
"No FTP functions found. Please compile PHP with FTP support.","Aucune fonction FTP trouvée. Compilez PHP avec la prise en charge de FTP."
"No FTP-SSL functions found. Please compile PHP with SSL support.","Aucune fonction FTP-SSL trouvée. Compilez PHP avec la prise en charge de SSL."
"No SFTP functions found. The Net_SFTP class is missing.","Aucune fonction SFTP trouvée. La classe Net_SFTP est absente."
"No XSL Template has been set up for this export profile. Please open the export profile and set up your XSL Template in the ""Output Format"" tab.","Aucun modèle XSL n’est configuré pour ce profil d’export. Ouvrez le profil et configurez votre modèle XSL dans l’onglet « Format de sortie »."
"No XSL Template supplied.","Aucun modèle XSL fourni."
"No destination selected. Enable in the ""Export Destinations"" tab of the profile.","Aucune destination sélectionnée. Activez-en une dans l’onglet « Destinations d’export » du profil."
"No export destinations found.","Aucune destination d’export trouvée."
"No export profile specified.","Aucun profil d’export indiqué."
"No export profiles found.","Aucun profil d’export trouvé."
"No files have been exported by the XSL Template, or the system temporary folder is not writable. Please check your XSL Template for filters/errors.","Le modèle XSL n’a exporté aucun fichier, ou le dossier temporaire du système n’est pas accessible en écriture. Vérifiez les filtres et les erreurs de votre modèle XSL."
"No files have been exported or the backup files in the export_bkp folder have been deleted from the filesystem. Exported files don't exist anymore.","Aucun fichier n’a été exporté, ou les fichiers de sauvegarde du dossier export_bkp ont été supprimés du disque. Les fichiers exportés n’existent plus."
"No files have been exported. Please check your XSL Template and/or profile filters.","Aucun fichier n’a été exporté. Vérifiez votre modèle XSL et/ou les filtres du profil."
"No files saved.","Aucun fichier enregistré."
"No log ID specified.","Aucun ID de journal indiqué."
"No profile ID found in job_code.","Aucun ID de profil trouvé dans job_code."
"No profile ID supplied.","Aucun ID de profil fourni."
"No profile selected or this profile does not exist anymore.","Aucun profil sélectionné, ou ce profil n’existe plus."
"No profile to export specified.","Aucun profil à exporter indiqué."
"No profiles / destinations to export specified.","Aucun profil ni destination à exporter indiqué."
"No profiles available. Add and enable export profiles for the %1 entity first.","Aucun profil disponible. Ajoutez et activez d’abord des profils d’export pour l’entité %1."
"No settings file has been uploaded.","Aucun fichier de paramètres n’a été téléversé."
"No status to set for orders specified.","Aucun statut à appliquer aux commandes n’a été indiqué."
"No test ID specified. Please specify a test ID to export right next to the ""Show fields available for export"" button.","Aucun ID de test indiqué. Indiquez un ID de test à exporter juste à côté du bouton « Afficher les champs disponibles à l’export »."
"No test ID to export specified.","Aucun ID de test à exporter indiqué."
"Notifications enabled","Notifications activées"
"Notify customer about invoice","Informer le client de la facture"
"Notify customer about shipment","Informer le client de l’expédition"
"Older than X minutes","Plus ancien que X minutes"
"One or more files of this export have been deleted from the local backup directory. Please click <a href=""%1"">here</a> to download the remaining existing files. (Log ID: %2)","Un ou plusieurs fichiers de cet export ont été supprimés du dossier de sauvegarde local. Cliquez <a href=""%1"">ici</a> pour télécharger les fichiers restants. (ID du journal : %2)"
"Order #%1 could not be canceled because Magento does not allowing canceling it. Probably the order is holded, already invoiced or order status does not allowing canceling. If you dont see the Cancel button when viewing the order in Magento, you cannot cancel it using our extension either.","La commande n°%1 n’a pas pu être annulée car Magento ne le permet pas : elle est probablement suspendue, déjà facturée, ou son statut interdit l’annulation. Si vous ne voyez pas le bouton Annuler sur la commande dans Magento, notre extension ne peut pas l’annuler non plus."
"Order Export Module","Module d’export des commandes"
"Other information","Autres informations"
"Output Format","Format de sortie"
"Output Type","Type de sortie"
"PHP ZIP extension not found. Please download files manually from the server, or install the ZIP extension, or export just one file with each profile.","Extension PHP ZIP introuvable. Téléchargez les fichiers manuellement depuis le serveur, installez l’extension ZIP, ou n’exportez qu’un fichier par profil."
"Passive Mode: Ignore IP returned by server","Mode passif : ignorer l’IP renvoyée par le serveur"
"Path to the directory where the exported file will be saved. Use an absolute path or specify a path relative to the Magento root directory by putting a dot at the beginning. Example to export into the var/export/ directory located in the root directory of Magento: ./var/export/  Example to export into an absolute directory: /var/www/test/ would export into the absolute path /var/www/test (and not located in the Magento installation)","Chemin du dossier où le fichier exporté sera enregistré. Utilisez un chemin absolu, ou un chemin relatif à la racine de Magento commençant par un point. Exemple pour exporter dans le dossier var/export/ à la racine de Magento : ./var/export/  Exemple avec un chemin absolu : /var/www/test/ exporte dans /var/www/test (hors de l’installation Magento)"
"Please make sure to set up the cronjob as explained <a href=""http://support.xtento.com/wiki/Setting_up_the_Magento_cronjob_(Magento_2)"" target=""_blank"">here</a> and check the cron status 15 minutes after setting up the cronjob properly again.","Configurez la tâche cron comme expliqué <a href=""http://support.xtento.com/wiki/Setting_up_the_Magento_cronjob_(Magento_2)"" target=""_blank"">ici</a>, puis vérifiez à nouveau son statut 15 minutes après."
"Please repair the XSL Template of this profile, check the encoding tag, or make sure output has been generated by this template. No output has been generated.","Corrigez le modèle XSL de ce profil, vérifiez la balise d’encodage, ou assurez-vous que ce modèle génère bien une sortie. Aucune sortie n’a été générée."
"Please repair the XSL Template of this profile. There was a problem processing the XSL Template:","Corrigez le modèle XSL de ce profil. Un problème est survenu lors du traitement du modèle XSL :"
"Please select destinations to delete.","Veuillez sélectionner les destinations à supprimer."
"Please select history entries to delete.","Veuillez sélectionner les entrées d’historique à supprimer."
"Please select log entries to delete.","Veuillez sélectionner les entrées du journal à supprimer."
"Please select log entries to download.","Veuillez sélectionner les entrées du journal à télécharger."
"Please select objects to export.","Veuillez sélectionner les objets à exporter."
"Please select profiles to delete.","Veuillez sélectionner les profils à supprimer."
"Please select profiles to update.","Veuillez sélectionner les profils à mettre à jour."
"Please select...","Veuillez sélectionner…"
"Product / Item attribute combination","Combinaison d’attributs produit / article"
"Profile","Profil"
"Profile Execution Log","Journal d’exécution du profil"
"Profile Export History","Historique d’export du profil"
"Profile ID %1 does not seem to exist anymore.","Le profil d’ID %1 ne semble plus exister."
"Profile Status","Statut du profil"
"Profile has been deleted successfully.","Le profil a bien été supprimé."
"Profile: %1","Profil : %1"
"Ready to send emails.","Prêt à envoyer les e-mails."
"Record Count","Nombre d’enregistrements"
"Regardless whether you're using manual, cronjob or the event-based export, if set to yes, this setting will make sure every %1 gets exported only ONCE by this profile. This means, even if another export event gets called, if the %2 has been already exported by this profile, it won't be exported again. You can ""reset"" exported objects in the ""Profile Export History"" tab.<br/>Example usage: Set up a cronjob export which exports all ""Processing"" orders and set this to ""Yes"" - every ""Processing"" order will be exported only ONCE.","Que vous utilisiez l’export manuel, par cron ou sur événement, si oui, chaque %1 n’est exporté(e) qu’UNE SEULE fois par ce profil : même si un autre événement d’export se produit, un(e) %2 déjà exporté(e) par ce profil ne l’est pas à nouveau. Vous pouvez « réinitialiser » les objets exportés dans l’onglet « Historique d’export du profil ».<br/>Exemple : configurez un export par cron de toutes les commandes « En traitement » et réglez cette option sur « Oui » : chaque commande « En traitement » ne sera exportée qu’UNE SEULE fois."
"Result Message","Message du résultat"
"SFTP Configuration","Configuration SFTP"
"SFTP Server","Serveur SFTP"
"Sales Export","Export des ventes"
"Sales Export - Destinations","Export des ventes - Destinations"
"Sales Export - Execution Log","Export des ventes - Journal d’exécution"
"Sales Export - Export History","Export des ventes - Historique des exports"
"Sales Export - Manual Export","Export des ventes - Export manuel"
"Sales Export - Profiles","Export des ventes - Profils"
"Sales Export - Tools","Export des ventes - Outils"
"Sales Export Navigation","Navigation de l’export des ventes"
"Sample Templates","Modèles d’exemple"
"Save Destination","Enregistrer la destination"
"Save Profile","Enregistrer le profil"
"Save files on destinations for manual exports","Enregistrer les fichiers sur les destinations lors des exports manuels"
"Save local copies of exports","Enregistrer des copies locales des exports"
"Select Destinations","Sélectionner les destinations"
"Select Profile","Sélectionner le profil"
"Select Profiles","Sélectionner les profils"
"Send each file as separate email","Envoyer chaque fichier dans un e-mail distinct"
"Serve file to browser after exporting","Envoyer le fichier au navigateur après l’export"
"Serve files to browser after exporting manually","Envoyer les fichiers au navigateur après un export manuel"
"Server Name","Nom du serveur"
"Set status to 'Disabled'","Passer le statut à « Désactivé »"
"Set status to 'Enabled'","Passer le statut à « Activé »"
"Ship order after exporting","Expédier la commande après l’export"
"Should exported files be attached to the email sent?","Joindre les fichiers exportés à l’e-mail envoyé ?"
"Show raw XML","Afficher le XML brut"
"Something is wrong with the internally processed XML markup. Please contact XTENTO.","Le balisage XML traité en interne présente un problème. Contactez XTENTO."
"Starting ID","ID de début"
"Subject of email. Available variables: %d%, %m%, %y%, %Y%, %h%, %i%, %s%, %recordcount%, %lastexportedincrementid%, %exportid%","Objet de l’e-mail. Variables disponibles : %d%, %m%, %y%, %Y%, %h%, %i%, %s%, %recordcount%, %lastexportedincrementid%, %exportid%"
"Test / Validation Results","Résultats du test / de la validation"
"Test Export","Export de test"
"Test XSL Template","Tester le modèle XSL"
"The XMLWriter class could not be found. This means your PHP installation is missing XMLWriter features. You cannot export XML/XSL types without XMLWriter. Please get in touch with your hoster or server administrator to add XMLWriter features.","La classe XMLWriter est introuvable : votre installation PHP n’a pas les fonctions XMLWriter, indispensables pour exporter en XML/XSL. Contactez votre hébergeur ou administrateur serveur pour les ajouter."
"The XSL Template ""translates"" the internal Magento database format into your required output format. You can find more information about XSL Templates in our <a href=""http://support.xtento.com/wiki/Magento_2_Extensions:Magento_Order_Export_Module"" target=""_blank"">support wiki</a>. If you don't want to create the XSL Template yourself, please refer to our <a href=""http://www.xtento.com/magento-services/xsl-template-creation-service.html"" target=""_blank"">XSL Template Creation Service</a>.","Le modèle XSL « traduit » le format interne de la base Magento dans le format de sortie voulu. Pour en savoir plus sur les modèles XSL, consultez notre <a href=""http://support.xtento.com/wiki/Magento_2_Extensions:Magento_Order_Export_Module"" target=""_blank"">wiki d’assistance</a>. Si vous ne voulez pas créer le modèle XSL vous-même, découvrez notre <a href=""http://www.xtento.com/magento-services/xsl-template-creation-service.html"" target=""_blank"">service de création de modèles XSL</a>."
"The XSLTProcessor class could not be found. This means your PHP installation is missing XSL features. You cannot export output formats using XSL Templates without the PHP XSL extension. Please get in touch with your hoster or server administrator to add XSL to your PHP configuration.","La classe XSLTProcessor est introuvable : votre installation PHP n’a pas les fonctions XSL, indispensables pour exporter avec des modèles XSL. Contactez votre hébergeur ou administrateur serveur pour ajouter l’extension XSL à PHP."
"The export destination has been saved.","La destination d’export a été enregistrée."
"The export profile has been saved.","Le profil d’export a été enregistré."
"The extension couldn't be enabled. Please make sure you are using a valid license key.","L’extension n’a pas pu être activée. Vérifiez que vous utilisez une clé de licence valide."
"The extension has not been installed properly. The required database tables have not been created yet. Please check out our <a href=""http://support.xtento.com/wiki/Troubleshooting:_Database_tables_have_not_been_initialized_(Magento_2)"" target=""_blank"">wiki</a> for instructions. After following these instructions access the module at Sales > Sales Export again.","L’extension n’a pas été installée correctement : les tables nécessaires n’ont pas encore été créées. Consultez notre <a href=""http://support.xtento.com/wiki/Troubleshooting:_Database_tables_have_not_been_initialized_(Magento_2)"" target=""_blank"">wiki</a> pour la marche à suivre, puis revenez au module dans Ventes > Export des ventes."
"The extension is currently disabled. Please go to System > XTENTO Extensions > Sales Export Configuration to enable it. After that access the module at Sales > Sales Export again.","L’extension est actuellement désactivée. Activez-la dans Système > Extensions XTENTO > Configuration de l’export des ventes, puis revenez au module dans Ventes > Export des ventes."
"The path to the XSL Template you have specified does not exist. Please make sure the XSL Template file exists, or simply paste the XSL Template into the profiles output format tab directly.","Le chemin du modèle XSL indiqué n’existe pas. Vérifiez que le fichier existe, ou collez directement le modèle XSL dans l’onglet du format de sortie du profil."
"The profile has been duplicated. Please make sure to enable it.","Le profil a été dupliqué. Pensez à l’activer."
"The selected product types won't be exported and won't show up in the output format for this profile. You can still fetch information from the parent product in the XSL Template using the <i>parent_item/</i> node. ","Les types de produits sélectionnés ne sont pas exportés et n’apparaissent pas dans le format de sortie de ce profil. Vous pouvez toujours récupérer les informations du produit parent dans le modèle XSL avec le nœud <i>parent_item/</i>. "
"The settings specified below will be applied to all manual and automatic exports. For manual exports, this can be changed in the ""Manual Export"" screen before exporting. If an %1 does not match the filters, it simply won't be exported.","Les paramètres ci-dessous s’appliquent à tous les exports, manuels et automatiques. Pour les exports manuels, ils sont modifiables dans l’écran « Export manuel » avant l’export. Un(e) %1 qui ne correspond pas aux filtres n’est simplement pas exporté(e)."
"The specified local directory does not exist. We could not create it either. Please make sure the parent directory is writable or create the directory manually: %1 %2","Le dossier local indiqué n’existe pas et n’a pas pu être créé. Vérifiez que le dossier parent est accessible en écriture, ou créez le dossier manuellement : %1 %2"
"The supplied ending increment_id does not exist. Use 0 to export until the end.","L’increment_id de fin indiqué n’existe pas. Utilisez 0 pour exporter jusqu’au bout."
"The supplied starting increment_id does not exist. Use 1 to export from the beginning.","L’increment_id de début indiqué n’existe pas. Utilisez 1 pour exporter depuis le début."
"There is nothing to download. No files have been saved with this export, or you disabled ""Save local copies of exports"" in the profile. (Log ID: %1)","Rien à télécharger : aucun fichier n’a été enregistré pour cet export, ou « Enregistrer des copies locales des exports » est désactivé dans le profil. (ID du journal : %1)"
"There was a problem creating the export destination.","Un problème est survenu lors de la création de la destination d’export."
"There was a problem creating the export folder: ","Un problème est survenu lors de la création du dossier d’export : "
"There was a problem downloading the profile template. Please try again later or contact us if this issue persists.","Un problème est survenu lors du téléchargement du modèle de profil. Réessayez plus tard ou contactez-nous si le problème persiste."
"There was a problem talking to the XTENTO Profile Service. Please try again later or contact us if this issue persists.","Un problème est survenu lors de la communication avec le service de profils XTENTO. Réessayez plus tard ou contactez-nous si le problème persiste."
"There was a problem transforming the output. Error message: %1","Un problème est survenu lors de la transformation de la sortie. Message d’erreur : %1"
"This destination does not exist anymore.","Cette destination n’existe plus."
"This destination no longer exists.","Cette destination n’existe plus."
"This functionality has been disabled in the demo version of the module. Please contact us if you have questions regarding this functionality.","Cette fonctionnalité est désactivée dans la version de démonstration du module. Contactez-nous pour toute question à son sujet."
"This history entry does not exist anymore.","Cette entrée d’historique n’existe plus."
"This is no valid cron expression.","Cette expression cron n’est pas valide."
"This is the absolute path to the directory on the server where files will be uploaded to. This directory has to exist on the FTP server.","Chemin absolu du dossier du serveur où les fichiers seront téléversés. Ce dossier doit exister sur le serveur FTP."
"This log entry (ID: %1) does not exist anymore.","Cette entrée du journal (ID : %1) n’existe plus."
"This log entry does not exist anymore.","Cette entrée du journal n’existe plus."
"This profile does not exist anymore.","Ce profil n’existe plus."
"This profile is disabled. No automatic exports will be made and the profile won't show up for manual exports.","Ce profil est désactivé : aucun export automatique ne sera fait et il n’apparaîtra pas pour les exports manuels."
"This profile no longer exists.","Ce profil n’existe plus."
"This setting can't be changed after creating the profile. Add a new profile for different export types.","Ce paramètre ne peut plus être modifié après la création du profil. Créez un nouveau profil pour un autre type d’export."
"This test ID does NOT exist in Magento. Please specify an existing ID to export right next to the ""Show fields available for export"" button.","Cet ID de test n’existe PAS dans Magento. Indiquez un ID existant à exporter juste à côté du bouton « Afficher les champs disponibles à l’export »."
"Timeout","Délai d’expiration"
"Timeout in seconds after which the connection to the server fails","Délai en secondes au-delà duquel la connexion au serveur échoue"
"Tools - Export Settings","Outils - Exporter les paramètres"
"Tools - Import Settings","Outils - Importer les paramètres"
"Total of %1 destination(s) were successfully deleted.","%1 destination(s) supprimée(s) au total."
"Total of %1 history entries were successfully deleted.","%1 entrée(s) d’historique supprimée(s) au total."
"Total of %1 log entries were successfully deleted.","%1 entrée(s) du journal supprimée(s) au total."
"Total of %1 profile(s) were successfully deleted.","%1 profil(s) supprimé(s) au total."
"Total of %1 profile(s) were successfully updated.","%1 profil(s) mis à jour au total."
"Twice Daily (12am, 12pm)","Deux fois par jour (minuit, midi)"
"Undefined Entity","Entité non définie"
"Update existing profiles if the profile/destination name matches","Mettre à jour les profils existants si le nom du profil / de la destination correspond"
"Updates for installed extensions","Mises à jour des extensions installées"
"Use ""custom export frequency"" field","Utiliser le champ « Fréquence d’export personnalisée »"
"Used in %1 profile(s)","Utilisé dans %1 profil(s)"
"Used in <strong>%1</strong> profile(s)","Utilisé dans <strong>%1</strong> profil(s)"
"View Execution Log Entry","Voir l’entrée du journal d’exécution"
"Warning: You have enabled ""Export each %1 separately"". However, no unique variable was added to the ""filename"" of your output file in the ""Output Format"" tab. Because of this, when the export runs, multiple files with the same name will be created, and thus just one file gets saved, which is wrong. Please make sure to add a unique variable to the ""filename"" in the ""Output Format"" tab, so multiple files with unique filenames will be generated. A valid unique variable is %lastincrementid% for example which is the last increment id.","Attention : vous avez activé « Exporter chaque %1 séparément », mais aucune variable unique n’a été ajoutée au « nom de fichier » de votre fichier de sortie dans l’onglet « Format de sortie ». À l’export, plusieurs fichiers porteront donc le même nom et un seul sera enregistré, ce qui est incorrect. Ajoutez une variable unique au « nom de fichier » dans l’onglet « Format de sortie » pour générer des noms de fichiers uniques. Par exemple, %lastincrementid% (le dernier numéro incrémental) est une variable unique valide."
"We can't save the module configuration: %1","Impossible d’enregistrer la configuration du module : %1"
"Webservice Configuration","Configuration du service web"
"Webservice/API","Service web / API"
"When exporting manually from the grid or ""Manual Export"" screen, if set to ""Yes"", the exported file will be served to the browser automatically after exporting. Ultimately this is controlled whether you check the ""Serve file to browser after exporting"" checkbox on the manual export screen or not.","Lors d’un export manuel depuis la grille ou l’écran « Export manuel », si « Oui », le fichier exporté est automatiquement envoyé au navigateur après l’export. Au final, c’est la case « Envoyer le fichier au navigateur après l’export » de l’écran d’export manuel qui décide."
"While trying to convert your export data into the requested encoding '%1', the PHP iconv() function failed. You either forgot to add //IGNORE to the encoding, or you are affected by this bug: https://bugs.php.net/bug.php?id=48147","Lors de la conversion de vos données d’export dans l’encodage demandé « %1 », la fonction PHP iconv() a échoué. Soit vous avez oublié d’ajouter //IGNORE à l’encodage, soit vous êtes concerné par ce bogue : https://bugs.php.net/bug.php?id=48147"
"Wizard Export Folder","Dossier d’export de l’assistant"
"Would you like to load one of our sample export profiles? This will overwrite settings you have made in this profile, if any.","Voulez-vous charger l’un de nos profils d’export d’exemple ? Cela écrasera les éventuels réglages déjà faits dans ce profil."
"XSL Template (Customized Output)","Modèle XSL (sortie personnalisée)"
"XTENTO Extension Store","Boutique d’extensions XTENTO"
"XTENTO Extensions","Extensions XTENTO"
"You can set up an own class in our (or another) module which gets called when exporting. The saveFiles($fileArray ($filename => $contents)) function would be called in your class. If your class is called \Xtento\OrderExport\Model\Destination\Myclass then the identifier to enter here would be \Xtento\OrderExport\Model\Destination\Myclass","Vous pouvez créer votre propre classe dans notre module (ou un autre), appelée lors de l’export. La fonction saveFiles($fileArray ($filename => $contents)) de votre classe sera appelée. Si votre classe s’appelle \Xtento\OrderExport\Model\Destination\Myclass, l’identifiant à saisir ici est \Xtento\OrderExport\Model\Destination\Myclass"
"ZIP file couldn't be created.","Le fichier ZIP n’a pas pu être créé."
"\n\nAttention: Could not save temporary file to store test export for serving the file to the browser.","Attention : impossible d’enregistrer le fichier temporaire de l’export de test pour l’envoyer au navigateur."
"from the beginning","depuis le début"
"total quantity (for invoice/shipment/credit memo exports)","quantité totale (pour les exports de factures / expéditions / avoirs)"
"total quantity invoiced (for order exports)","quantité totale facturée (pour les exports de commandes)"
"total quantity ordered (for order exports)","quantité totale commandée (pour les exports de commandes)"
"total quantity refunded (for order exports)","quantité totale remboursée (pour les exports de commandes)"
"until the last object created","jusqu’au dernier objet créé"
