"Add image hash","Ajouter un hash d’image"
"Add lazy loading attribute","Ajouter l’attribut de chargement différé"
"Convert CSS backgrounds","Convertir les arrière-plans CSS"
"Convert images","Convertir les images"
"Convert images on save","Convertir les images à l’enregistrement"
"Convertors","Convertisseurs"
"Debugging","Débogage"
"Encoding","Encodage"
"GD support","Prise en charge de GD"
"Generate CSP hashes for Yireo extensions","Générer des hashes CSP pour les extensions Yireo"
"Generate CSP nonces for Yireo extensions","Générer des nonces CSP pour les extensions Yireo"
"Inline Script Mode","Mode des scripts en ligne"
"Media cache directory","Dossier du cache média"
"Media folder does not exist","Le dossier média n’existe pas"
"Module version","Version du module"
"Please Hyva_YireoNextGenImages as soon as possible","Installez Hyva_YireoNextGenImages dès que possible"
"Quality level","Niveau de qualité"
"Static folder does not exist","Le dossier static n’existe pas"
"Target directory","Dossier cible"
"WebP is not supported by GD","WebP n’est pas pris en charge par GD"
"WebP is supported by GD","WebP est pris en charge par GD"
